KorEXO MEASUREMENT DATA FILE EXPORT,,,,,,,,,,,,,,,,,,,,,,,,,,,
,,,,,,,,,,,,,,,,,,,,,,,,,,,
FILE CREATED:,7/25/2022 22:21,,,,,,,,,,,,,,,,,,,,,,,,,,
,,,,,,,,,,,,,,,,,,,,,,,,,,,
,,,MEAN VALUE:,0.21,0.79,2.5,2.7,99.8,99.8,8.61,0,2.7,0.55,0.54,2,25.04,0,1.199,NA,-65,22.662,0,0,0,0,12.2,741.9
,,,STANDARD DEVIATION:,0,0,0,0,0,0,0,0,0,0,0,0,0,0,0,0,0,0,0,0,0,0,0,0
,,,,,,,,,,,,,,,,,,,,,,,,,,,
,,,SENSOR SERIAL NUMBER:,15B101563,15B101563,19D104366,19D104366,17C105036,17C105036,17C105036,19D104366,19D104366,15B101563,15B101563,19D104366,15D102653,15D102653,15D102606,17C104424,17C104424,19D104366,19G101790,19G101790,19G101790,19G101790,19G101790,19G101790
Date (MM/DD/YYYY),Time (HH:mm:ss),Time (Fract. Sec),Site Name,Chlorophyll RFU,Chlorophyll ug/L,Cond µS/cm,nLF Cond µS/cm,ODO % sat,ODO % local,ODO mg/L,Sal psu,SpCond µS/cm,TAL PC RFU,TAL PC ug/L,TDS mg/L,Turbidity FNU,TSS mg/L,Wiper Position volt,pH,pH mV,Temp °C,GPS Latitude °,GPS Longitude °,Altitude m,Battery V,Cable Pwr V,Barometer mmHg
5/31/2022,8:52:19,0,Sandusky_1_MuddyCreek,0.21,0.79,2.5,2.7,99.8,99.8,8.61,0,2.7,0.55,0.54,2,25.04,0,1.199,7.93,-65,22.662,0,0,0,0,12.2,741.9
,,,,,,,,,,,,,,,,,,,,,,,,,,,
,,,MEAN VALUE:,0.72,2.85,1121.2,1190.7,99.9,99.9,8.67,0.59,1184.5,0.82,0.82,770,82.28,0,1.199,NA,-96.8,22.203,0,0,0,0,12.2,738.6
,,,STANDARD DEVIATION:,0,0,0,0,0,0,0,0,0,0,0,0,0,0,0,0,0,0,0,0,0,0,0,0
,,,,,,,,,,,,,,,,,,,,,,,,,,,
,,,SENSOR SERIAL NUMBER:,15B101563,15B101563,19D104366,19D104366,17C105036,17C105036,17C105036,19D104366,19D104366,15B101563,15B101563,19D104366,15D102653,15D102653,15D102606,17C104424,17C104424,19D104366,19G101790,19G101790,19G101790,19G101790,19G101790,19G101790
Date (MM/DD/YYYY),Time (HH:mm:ss),Time (Fract. Sec),Site Name,Chlorophyll RFU,Chlorophyll ug/L,Cond µS/cm,nLF Cond µS/cm,ODO % sat,ODO % local,ODO mg/L,Sal psu,SpCond µS/cm,TAL PC RFU,TAL PC ug/L,TDS mg/L,Turbidity FNU,TSS mg/L,Wiper Position volt,pH,pH mV,Temp °C,GPS Latitude °,GPS Longitude °,Altitude m,Battery V,Cable Pwr V,Barometer mmHg
6/8/2022,10:32:11,0,Sandusky_1_MuddyCreek,0.72,2.85,1121.2,1190.7,99.9,99.9,8.67,0.59,1184.5,0.82,0.82,770,82.28,0,1.199,8.49,-96.8,22.203,0,0,0,0,12.2,738.6
,,,,,,,,,,,,,,,,,,,,,,,,,,,
,,,MEAN VALUE:,0.72,2.85,1120,1189.4,99.9,99.9,8.67,0.59,1183.2,0.83,0.83,769,82.26,0,1.199,NA,-96.6,22.203,0,0,0,0,12.2,738.6
,,,STANDARD DEVIATION:,0,0,0,0,0,0,0,0,0,0,0,0,0,0,0,0,0,0,0,0,0,0,0,0
,,,,,,,,,,,,,,,,,,,,,,,,,,,
,,,SENSOR SERIAL NUMBER:,15B101563,15B101563,19D104366,19D104366,17C105036,17C105036,17C105036,19D104366,19D104366,15B101563,15B101563,19D104366,15D102653,15D102653,15D102606,17C104424,17C104424,19D104366,19G101790,19G101790,19G101790,19G101790,19G101790,19G101790
Date (MM/DD/YYYY),Time (HH:mm:ss),Time (Fract. Sec),Site Name,Chlorophyll RFU,Chlorophyll ug/L,Cond µS/cm,nLF Cond µS/cm,ODO % sat,ODO % local,ODO mg/L,Sal psu,SpCond µS/cm,TAL PC RFU,TAL PC ug/L,TDS mg/L,Turbidity FNU,TSS mg/L,Wiper Position volt,pH,pH mV,Temp °C,GPS Latitude °,GPS Longitude °,Altitude m,Battery V,Cable Pwr V,Barometer mmHg
6/8/2022,10:32:18,0,Sandusky_1_MuddyCreek,0.72,2.85,1120,1189.4,99.9,99.9,8.67,0.59,1183.2,0.83,0.83,769,82.26,0,1.199,8.49,-96.6,22.203,0,0,0,0,12.2,738.6
,,,,,,,,,,,,,,,,,,,,,,,,,,,
,,,MEAN VALUE:,0.77,3.05,1116.8,1185.7,99.9,99.9,8.67,0.59,1179.5,0.85,0.85,767,81.35,0,1.199,NA,-96,22.217,0,0,0,0,12.2,738.7
,,,STANDARD DEVIATION:,0,0,0,0,0,0,0,0,0,0,0,0,0,0,0,0,0,0,0,0,0,0,0,0
,,,,,,,,,,,,,,,,,,,,,,,,,,,
,,,SENSOR SERIAL NUMBER:,15B101563,15B101563,19D104366,19D104366,17C105036,17C105036,17C105036,19D104366,19D104366,15B101563,15B101563,19D104366,15D102653,15D102653,15D102606,17C104424,17C104424,19D104366,19G101790,19G101790,19G101790,19G101790,19G101790,19G101790
Date (MM/DD/YYYY),Time (HH:mm:ss),Time (Fract. Sec),Site Name,Chlorophyll RFU,Chlorophyll ug/L,Cond µS/cm,nLF Cond µS/cm,ODO % sat,ODO % local,ODO mg/L,Sal psu,SpCond µS/cm,TAL PC RFU,TAL PC ug/L,TDS mg/L,Turbidity FNU,TSS mg/L,Wiper Position volt,pH,pH mV,Temp °C,GPS Latitude °,GPS Longitude °,Altitude m,Battery V,Cable Pwr V,Barometer mmHg
6/8/2022,10:33:43,0,Sandusky_2_ODNR4,0.77,3.05,1116.8,1185.7,99.9,99.9,8.67,0.59,1179.5,0.85,0.85,767,81.35,0,1.199,8.48,-96,22.217,0,0,0,0,12.2,738.7
,,,,,,,,,,,,,,,,,,,,,,,,,,,
,,,MEAN VALUE:,3.64,14.71,469.1,507.7,85.8,85.8,7.59,0.24,504.3,0.93,0.93,328,28.91,0,1.199,NA,-90.8,21.349,0,0,0,0,12.2,744.1
,,,STANDARD DEVIATION:,0,0,0,0,0,0,0,0,0,0,0,0,0,0,0,0,0,0,0,0,0,0,0,0
,,,,,,,,,,,,,,,,,,,,,,,,,,,
,,,SENSOR SERIAL NUMBER:,15B101563,15B101563,19D104366,19D104366,17C105036,17C105036,17C105036,19D104366,19D104366,15B101563,15B101563,19D104366,15D102653,15D102653,15D102606,17C104424,17C104424,19D104366,19G101790,19G101790,19G101790,19G101790,19G101790,19G101790
Date (MM/DD/YYYY),Time (HH:mm:ss),Time (Fract. Sec),Site Name,Chlorophyll RFU,Chlorophyll ug/L,Cond µS/cm,nLF Cond µS/cm,ODO % sat,ODO % local,ODO mg/L,Sal psu,SpCond µS/cm,TAL PC RFU,TAL PC ug/L,TDS mg/L,Turbidity FNU,TSS mg/L,Wiper Position volt,pH,pH mV,Temp °C,GPS Latitude °,GPS Longitude °,Altitude m,Battery V,Cable Pwr V,Barometer mmHg
6/10/2022,8:50:23,0,Sandusky_4_Bridge,3.64,14.71,469.1,507.7,85.8,85.8,7.59,0.24,504.3,0.93,0.93,328,28.91,0,1.199,8.39,-90.8,21.349,0,0,0,0,12.2,744.1
,,,,,,,,,,,,,,,,,,,,,,,,,,,
,,,MEAN VALUE:,3.12,12.63,469.3,507.7,85.9,85.9,7.6,0.24,504.4,0.93,0.93,328,28.52,0,1.199,NA,-90.8,21.354,0,0,0,0,12.2,744
,,,STANDARD DEVIATION:,0,0,0,0,0,0,0,0,0,0,0,0,0,0,0,0,0,0,0,0,0,0,0,0
,,,,,,,,,,,,,,,,,,,,,,,,,,,
,,,SENSOR SERIAL NUMBER:,15B101563,15B101563,19D104366,19D104366,17C105036,17C105036,17C105036,19D104366,19D104366,15B101563,15B101563,19D104366,15D102653,15D102653,15D102606,17C104424,17C104424,19D104366,19G101790,19G101790,19G101790,19G101790,19G101790,19G101790
Date (MM/DD/YYYY),Time (HH:mm:ss),Time (Fract. Sec),Site Name,Chlorophyll RFU,Chlorophyll ug/L,Cond µS/cm,nLF Cond µS/cm,ODO % sat,ODO % local,ODO mg/L,Sal psu,SpCond µS/cm,TAL PC RFU,TAL PC ug/L,TDS mg/L,Turbidity FNU,TSS mg/L,Wiper Position volt,pH,pH mV,Temp °C,GPS Latitude °,GPS Longitude °,Altitude m,Battery V,Cable Pwr V,Barometer mmHg
6/10/2022,8:50:25,0,Sandusky_4_Bridge,3.12,12.63,469.3,507.7,85.9,85.9,7.6,0.24,504.4,0.93,0.93,328,28.52,0,1.199,8.39,-90.8,21.354,0,0,0,0,12.2,744
,,,,,,,,,,,,,,,,,,,,,,,,,,,
,,,MEAN VALUE:,3.25,13.13,469.2,507.7,86.1,86.1,7.61,0.24,504.3,0.97,0.97,328,28.44,0,1.199,NA,-90.7,21.355,0,0,0,0,12.2,744.1
,,,STANDARD DEVIATION:,0,0,0,0,0,0,0,0,0,0,0,0,0,0,0,0,0,0,0,0,0,0,0,0
,,,,,,,,,,,,,,,,,,,,,,,,,,,
,,,SENSOR SERIAL NUMBER:,15B101563,15B101563,19D104366,19D104366,17C105036,17C105036,17C105036,19D104366,19D104366,15B101563,15B101563,19D104366,15D102653,15D102653,15D102606,17C104424,17C104424,19D104366,19G101790,19G101790,19G101790,19G101790,19G101790,19G101790
Date (MM/DD/YYYY),Time (HH:mm:ss),Time (Fract. Sec),Site Name,Chlorophyll RFU,Chlorophyll ug/L,Cond µS/cm,nLF Cond µS/cm,ODO % sat,ODO % local,ODO mg/L,Sal psu,SpCond µS/cm,TAL PC RFU,TAL PC ug/L,TDS mg/L,Turbidity FNU,TSS mg/L,Wiper Position volt,pH,pH mV,Temp °C,GPS Latitude °,GPS Longitude °,Altitude m,Battery V,Cable Pwr V,Barometer mmHg
6/10/2022,8:50:27,0,Sandusky_4_Bridge,3.25,13.13,469.2,507.7,86.1,86.1,7.61,0.24,504.3,0.97,0.97,328,28.44,0,1.199,8.39,-90.7,21.355,0,0,0,0,12.2,744.1
,,,,,,,,,,,,,,,,,,,,,,,,,,,
,,,MEAN VALUE:,3.31,13.41,468.9,507.4,86,86,7.61,0.24,504,0.96,0.97,328,29.26,0,1.199,NA,-90.4,21.348,0,0,0,0,12.2,744.1
,,,STANDARD DEVIATION:,0,0,0,0,0,0,0,0,0,0,0,0,0,0,0,0,0,0,0,0,0,0,0,0
,,,,,,,,,,,,,,,,,,,,,,,,,,,
,,,SENSOR SERIAL NUMBER:,15B101563,15B101563,19D104366,19D104366,17C105036,17C105036,17C105036,19D104366,19D104366,15B101563,15B101563,19D104366,15D102653,15D102653,15D102606,17C104424,17C104424,19D104366,19G101790,19G101790,19G101790,19G101790,19G101790,19G101790
Date (MM/DD/YYYY),Time (HH:mm:ss),Time (Fract. Sec),Site Name,Chlorophyll RFU,Chlorophyll ug/L,Cond µS/cm,nLF Cond µS/cm,ODO % sat,ODO % local,ODO mg/L,Sal psu,SpCond µS/cm,TAL PC RFU,TAL PC ug/L,TDS mg/L,Turbidity FNU,TSS mg/L,Wiper Position volt,pH,pH mV,Temp °C,GPS Latitude °,GPS Longitude °,Altitude m,Battery V,Cable Pwr V,Barometer mmHg
6/10/2022,8:50:34,0,Sandusky_3_ODNR6,3.31,13.41,468.9,507.4,86,86,7.61,0.24,504,0.96,0.97,328,29.26,0,1.199,8.38,-90.4,21.348,0,0,0,0,12.2,744.1
,,,,,,,,,,,,,,,,,,,,,,,,,,,
,,,MEAN VALUE:,3.5,14.16,468.7,507.3,85.9,85.9,7.6,0.24,503.9,0.93,0.93,328,29.31,0,1.199,NA,-90.3,21.342,0,0,0,0,12.2,744.1
,,,STANDARD DEVIATION:,0,0,0,0,0,0,0,0,0,0,0,0,0,0,0,0,0,0,0,0,0,0,0,0
,,,,,,,,,,,,,,,,,,,,,,,,,,,
,,,SENSOR SERIAL NUMBER:,15B101563,15B101563,19D104366,19D104366,17C105036,17C105036,17C105036,19D104366,19D104366,15B101563,15B101563,19D104366,15D102653,15D102653,15D102606,17C104424,17C104424,19D104366,19G101790,19G101790,19G101790,19G101790,19G101790,19G101790
Date (MM/DD/YYYY),Time (HH:mm:ss),Time (Fract. Sec),Site Name,Chlorophyll RFU,Chlorophyll ug/L,Cond µS/cm,nLF Cond µS/cm,ODO % sat,ODO % local,ODO mg/L,Sal psu,SpCond µS/cm,TAL PC RFU,TAL PC ug/L,TDS mg/L,Turbidity FNU,TSS mg/L,Wiper Position volt,pH,pH mV,Temp °C,GPS Latitude °,GPS Longitude °,Altitude m,Battery V,Cable Pwr V,Barometer mmHg
6/10/2022,8:50:37,0,Sandusky_3_ODNR6,3.5,14.16,468.7,507.3,85.9,85.9,7.6,0.24,503.9,0.93,0.93,328,29.31,0,1.199,8.38,-90.3,21.342,0,0,0,0,12.2,744.1
,,,,,,,,,,,,,,,,,,,,,,,,,,,
,,,MEAN VALUE:,0,0,0,748.1,,,,,,,,,,,,,,,,,,,,
,,,STANDARD DEVIATION:,0,0,0,0,,,,,,,,,,,,,,,,,,,,
,,,,,,,,,,,,,,,,,,,,,,,,,,,
,,,SENSOR SERIAL NUMBER:,19G101790,19G101790,19G101790,19G101790,,,,,,,,,,,,,,,,,,,,
Date (MM/DD/YYYY),Time (HH:mm:ss),Time (Fract. Sec),Site Name,GPS Latitude °,GPS Longitude °,Altitude m,Barometer mmHg,,,,,,,,,,,,,,,,,,,,
6/21/2022,10:42:09,0,Sandusky_2_ODNR4,0,0,0,748.1,,,,,,,,,,,,,,,,,,,,
,,,,,,,,,,,,,,,,,,,,,,,,,,,
,,,MEAN VALUE:,8.74,35.46,368.7,388.7,95.2,95.2,8.23,0.19,386.9,1.68,1.69,251,171.86,0,1.2,NA,-83.9,22.535,41.45322,-82.96064,169.6,0,12.2,748
,,,STANDARD DEVIATION:,0,0,0,0,0,0,0,0,0,0,0,0,0,0,0,0,0,0,0,0,0,0,0,0
,,,,,,,,,,,,,,,,,,,,,,,,,,,
,,,SENSOR SERIAL NUMBER:,15B101563,15B101563,19D104366,19D104366,17C105036,17C105036,17C105036,19D104366,19D104366,15B101563,15B101563,19D104366,15D102653,15D102653,15D102606,17C104424,17C104424,19D104366,19G101790,19G101790,19G101790,19G101790,19G101790,19G101790
Date (MM/DD/YYYY),Time (HH:mm:ss),Time (Fract. Sec),Site Name,Chlorophyll RFU,Chlorophyll ug/L,Cond µS/cm,nLF Cond µS/cm,ODO % sat,ODO % local,ODO mg/L,Sal psu,SpCond µS/cm,TAL PC RFU,TAL PC ug/L,TDS mg/L,Turbidity FNU,TSS mg/L,Wiper Position volt,pH,pH mV,Temp °C,GPS Latitude °,GPS Longitude °,Altitude m,Battery V,Cable Pwr V,Barometer mmHg
6/21/2022,10:42:33,0,Sandusky_2_ODNR4,8.74,35.46,368.7,388.7,95.2,95.2,8.23,0.19,386.9,1.68,1.69,251,171.86,0,1.2,8.26,-83.9,22.535,41.45322,-82.96064,169.6,0,12.2,748
,,,,,,,,,,,,,,,,,,,,,,,,,,,
,,,MEAN VALUE:,9.96,40.41,366.1,384.8,98.8,98.8,8.52,0.18,383.1,2.02,2.04,249,248.41,0,1.2,NA,-87.1,22.672,41.45312,-82.96059,173.1,0,12.2,748
,,,STANDARD DEVIATION:,0,0,0,0,0,0,0,0,0,0,0,0,0,0,0,0,0,0,0,0,0,0,0,0
,,,,,,,,,,,,,,,,,,,,,,,,,,,
,,,SENSOR SERIAL NUMBER:,15B101563,15B101563,19D104366,19D104366,17C105036,17C105036,17C105036,19D104366,19D104366,15B101563,15B101563,19D104366,15D102653,15D102653,15D102606,17C104424,17C104424,19D104366,19G101790,19G101790,19G101790,19G101790,19G101790,19G101790
Date (MM/DD/YYYY),Time (HH:mm:ss),Time (Fract. Sec),Site Name,Chlorophyll RFU,Chlorophyll ug/L,Cond µS/cm,nLF Cond µS/cm,ODO % sat,ODO % local,ODO mg/L,Sal psu,SpCond µS/cm,TAL PC RFU,TAL PC ug/L,TDS mg/L,Turbidity FNU,TSS mg/L,Wiper Position volt,pH,pH mV,Temp °C,GPS Latitude °,GPS Longitude °,Altitude m,Battery V,Cable Pwr V,Barometer mmHg
6/21/2022,10:45:00,0,Sandusky_2_ODNR4,9.96,40.41,366.1,384.8,98.8,98.8,8.52,0.18,383.1,2.02,2.04,249,248.41,0,1.2,8.32,-87.1,22.672,41.45312,-82.96059,173.1,0,12.2,748
,,,,,,,,,,,,,,,,,,,,,,,,,,,
,,,MEAN VALUE:,41.4571,-82.89954,171.3,747.8,,,,,,,,,,,,,,,,,,,,
,,,STANDARD DEVIATION:,0,0,0,0,,,,,,,,,,,,,,,,,,,,
,,,,,,,,,,,,,,,,,,,,,,,,,,,
,,,SENSOR SERIAL NUMBER:,19G101790,19G101790,19G101790,19G101790,,,,,,,,,,,,,,,,,,,,
Date (MM/DD/YYYY),Time (HH:mm:ss),Time (Fract. Sec),Site Name,GPS Latitude °,GPS Longitude °,Altitude m,Barometer mmHg,,,,,,,,,,,,,,,,,,,,
6/21/2022,11:10:14,0,Sandusky_2_ODNR4,41.4571,-82.89954,171.3,747.8,,,,,,,,,,,,,,,,,,,,
,,,,,,,,,,,,,,,,,,,,,,,,,,,
,,,MEAN VALUE:,6.71,27.21,458.3,480.3,114.3,114.3,9.83,0.23,478.4,1.47,1.48,311,33.84,0,1.2,NA,-116.3,22.808,41.45706,-82.89944,176.7,0,12.2,748
,,,STANDARD DEVIATION:,0,0,0,0,0,0,0,0,0,0,0,0,0,0,0,0,0,0,0,0,0,0,0,0
,,,,,,,,,,,,,,,,,,,,,,,,,,,
,,,SENSOR SERIAL NUMBER:,15B101563,15B101563,19D104366,19D104366,17C105036,17C105036,17C105036,19D104366,19D104366,15B101563,15B101563,19D104366,15D102653,15D102653,15D102606,17C104424,17C104424,19D104366,19G101790,19G101790,19G101790,19G101790,19G101790,19G101790
Date (MM/DD/YYYY),Time (HH:mm:ss),Time (Fract. Sec),Site Name,Chlorophyll RFU,Chlorophyll ug/L,Cond µS/cm,nLF Cond µS/cm,ODO % sat,ODO % local,ODO mg/L,Sal psu,SpCond µS/cm,TAL PC RFU,TAL PC ug/L,TDS mg/L,Turbidity FNU,TSS mg/L,Wiper Position volt,pH,pH mV,Temp °C,GPS Latitude °,GPS Longitude °,Altitude m,Battery V,Cable Pwr V,Barometer mmHg
6/21/2022,11:10:46,0,Sandusky_3_ODNR6,6.71,27.21,458.3,480.3,114.3,114.3,9.83,0.23,478.4,1.47,1.48,311,33.84,0,1.2,8.83,-116.3,22.808,41.45706,-82.89944,176.7,0,12.2,748
,,,,,,,,,,,,,,,,,,,,,,,,,,,
,,,MEAN VALUE:,2.65,10.71,470,482,130.6,130.6,11.02,0.23,480.9,2.91,2.94,313,44.96,0,1.203,NA,-121.7,23.816,41.47987,-82.78295,165.3,0,12.2,747.3
,,,STANDARD DEVIATION:,0,0,0,0,0,0,0,0,0,0,0,0,0,0,0,0,0,0,0,0,0,0,0,0
,,,,,,,,,,,,,,,,,,,,,,,,,,,
,,,SENSOR SERIAL NUMBER:,15B101563,15B101563,19D104366,19D104366,17C105036,17C105036,17C105036,19D104366,19D104366,15B101563,15B101563,19D104366,15D102653,15D102653,15D102606,17C104424,17C104424,19D104366,19G101790,19G101790,19G101790,19G101790,19G101790,19G101790
Date (MM/DD/YYYY),Time (HH:mm:ss),Time (Fract. Sec),Site Name,Chlorophyll RFU,Chlorophyll ug/L,Cond µS/cm,nLF Cond µS/cm,ODO % sat,ODO % local,ODO mg/L,Sal psu,SpCond µS/cm,TAL PC RFU,TAL PC ug/L,TDS mg/L,Turbidity FNU,TSS mg/L,Wiper Position volt,pH,pH mV,Temp °C,GPS Latitude °,GPS Longitude °,Altitude m,Battery V,Cable Pwr V,Barometer mmHg
6/21/2022,12:35:49,0,Sandusky_5_ODNR2,2.65,10.71,470,482,130.6,130.6,11.02,0.23,480.9,2.91,2.94,313,44.96,0,1.203,8.92,-121.7,23.816,41.47987,-82.78295,165.3,0,12.2,747.3
,,,,,,,,,,,,,,,,,,,,,,,,,,,
,,,MEAN VALUE:,3.67,14.84,474.7,490.2,146.8,146.8,12.45,0.23,488.8,4.05,4.1,318,20.93,0,1.201,NA,-127.2,23.496,41.46326,-82.76916,170.4,0,12.2,747.7
,,,STANDARD DEVIATION:,0,0,0,0,0,0,0,0,0,0,0,0,0,0,0,0,0,0,0,0,0,0,0,0
,,,,,,,,,,,,,,,,,,,,,,,,,,,
,,,SENSOR SERIAL NUMBER:,15B101563,15B101563,19D104366,19D104366,17C105036,17C105036,17C105036,19D104366,19D104366,15B101563,15B101563,19D104366,15D102653,15D102653,15D102606,17C104424,17C104424,19D104366,19G101790,19G101790,19G101790,19G101790,19G101790,19G101790
Date (MM/DD/YYYY),Time (HH:mm:ss),Time (Fract. Sec),Site Name,Chlorophyll RFU,Chlorophyll ug/L,Cond µS/cm,nLF Cond µS/cm,ODO % sat,ODO % local,ODO mg/L,Sal psu,SpCond µS/cm,TAL PC RFU,TAL PC ug/L,TDS mg/L,Turbidity FNU,TSS mg/L,Wiper Position volt,pH,pH mV,Temp °C,GPS Latitude °,GPS Longitude °,Altitude m,Battery V,Cable Pwr V,Barometer mmHg
6/21/2022,13:06:21,0,Sandusky_6_Buoy2,3.67,14.84,474.7,490.2,146.8,146.8,12.45,0.23,488.8,4.05,4.1,318,20.93,0,1.201,9.02,-127.2,23.496,41.46326,-82.76916,170.4,0,12.2,747.7
,,,,,,,,,,,,,,,,,,,,,,,,,,,
,,,MEAN VALUE:,2.7,10.92,466.8,477.7,141,141,11.87,0.23,476.7,1.86,1.88,310,19.29,0,1.201,NA,-126.2,23.909,41.47729,-82.73985,173.4,0,12.2,746.9
,,,STANDARD DEVIATION:,0,0,0,0,0,0,0,0,0,0,0,0,0,0,0,0,0,0,0,0,0,0,0,0
,,,,,,,,,,,,,,,,,,,,,,,,,,,
,,,SENSOR SERIAL NUMBER:,15B101563,15B101563,19D104366,19D104366,17C105036,17C105036,17C105036,19D104366,19D104366,15B101563,15B101563,19D104366,15D102653,15D102653,15D102606,17C104424,17C104424,19D104366,19G101790,19G101790,19G101790,19G101790,19G101790,19G101790
Date (MM/DD/YYYY),Time (HH:mm:ss),Time (Fract. Sec),Site Name,Chlorophyll RFU,Chlorophyll ug/L,Cond µS/cm,nLF Cond µS/cm,ODO % sat,ODO % local,ODO mg/L,Sal psu,SpCond µS/cm,TAL PC RFU,TAL PC ug/L,TDS mg/L,Turbidity FNU,TSS mg/L,Wiper Position volt,pH,pH mV,Temp °C,GPS Latitude °,GPS Longitude °,Altitude m,Battery V,Cable Pwr V,Barometer mmHg
6/21/2022,13:57:08,0,Sandusky_7_ODNR1,2.7,10.92,466.8,477.7,141,141,11.87,0.23,476.7,1.86,1.88,310,19.29,0,1.201,9,-126.2,23.909,41.47729,-82.73985,173.4,0,12.2,746.9
,,,,,,,,,,,,,,,,,,,,,,,,,,,
,,,MEAN VALUE:,41.46871,-82.71496,170.4,746.6,,,,,,,,,,,,,,,,,,,,
,,,STANDARD DEVIATION:,0,0,0,0,,,,,,,,,,,,,,,,,,,,
,,,,,,,,,,,,,,,,,,,,,,,,,,,
,,,SENSOR SERIAL NUMBER:,19G101790,19G101790,19G101790,19G101790,,,,,,,,,,,,,,,,,,,,
Date (MM/DD/YYYY),Time (HH:mm:ss),Time (Fract. Sec),Site Name,GPS Latitude °,GPS Longitude °,Altitude m,Barometer mmHg,,,,,,,,,,,,,,,,,,,,
6/21/2022,14:20:36,0,Sandusky_7_ODNR1,41.46871,-82.71496,170.4,746.6,,,,,,,,,,,,,,,,,,,,
,,,,,,,,,,,,,,,,,,,,,,,,,,,
,,,MEAN VALUE:,41.46869,-82.71495,174.7,746.6,,,,,,,,,,,,,,,,,,,,
,,,STANDARD DEVIATION:,0,0,0,0,,,,,,,,,,,,,,,,,,,,
,,,,,,,,,,,,,,,,,,,,,,,,,,,
,,,SENSOR SERIAL NUMBER:,19G101790,19G101790,19G101790,19G101790,,,,,,,,,,,,,,,,,,,,
Date (MM/DD/YYYY),Time (HH:mm:ss),Time (Fract. Sec),Site Name,GPS Latitude °,GPS Longitude °,Altitude m,Barometer mmHg,,,,,,,,,,,,,,,,,,,,
6/21/2022,14:20:49,0,Sandusky_8_EC1163,41.46869,-82.71495,174.7,746.6,,,,,,,,,,,,,,,,,,,,
,,,,,,,,,,,,,,,,,,,,,,,,,,,
,,,MEAN VALUE:,1.17,4.68,280.2,292.6,112.8,112.8,9.68,0.14,291.5,0.09,0.08,189,6.03,0,1.201,NA,-114.9,22.959,41.51121,-82.65803,176.2,0,12.2,746.4
,,,STANDARD DEVIATION:,0,0,0,0,0,0,0,0,0,0,0,0,0,0,0,0,0,0,0,0,0,0,0,0
,,,,,,,,,,,,,,,,,,,,,,,,,,,
,,,SENSOR SERIAL NUMBER:,15B101563,15B101563,19D104366,19D104366,17C105036,17C105036,17C105036,19D104366,19D104366,15B101563,15B101563,19D104366,15D102653,15D102653,15D102606,17C104424,17C104424,19D104366,19G101790,19G101790,19G101790,19G101790,19G101790,19G101790
Date (MM/DD/YYYY),Time (HH:mm:ss),Time (Fract. Sec),Site Name,Chlorophyll RFU,Chlorophyll ug/L,Cond µS/cm,nLF Cond µS/cm,ODO % sat,ODO % local,ODO mg/L,Sal psu,SpCond µS/cm,TAL PC RFU,TAL PC ug/L,TDS mg/L,Turbidity FNU,TSS mg/L,Wiper Position volt,pH,pH mV,Temp °C,GPS Latitude °,GPS Longitude °,Altitude m,Battery V,Cable Pwr V,Barometer mmHg
6/21/2022,14:50:35,0,Sandusky_9_Bells,1.17,4.68,280.2,292.6,112.8,112.8,9.68,0.14,291.5,0.09,0.08,189,6.03,0,1.201,8.8,-114.9,22.959,41.51121,-82.65803,176.2,0,12.2,746.4
,,,,,,,,,,,,,,,,,,,,,,,,,,,
,,,MEAN VALUE:,11.98,48.62,386.8,393.7,101.1,101.1,8.48,0.19,393.1,1.88,1.9,255,55.55,0,1.201,NA,-124.8,24.17,41.45359,-83.00241,167.6,0,12.2,749.2
,,,STANDARD DEVIATION:,0,0,0,0,0,0,0,0,0,0,0,0,0,0,0,0,0,0,0,0,0,0,0,0
,,,,,,,,,,,,,,,,,,,,,,,,,,,
,,,SENSOR SERIAL NUMBER:,15B101563,15B101563,19D104366,19D104366,17C105036,17C105036,17C105036,19D104366,19D104366,15B101563,15B101563,19D104366,15D102653,15D102653,15D102606,17C104424,17C104424,19D104366,19G101790,19G101790,19G101790,19G101790,19G101790,19G101790
Date (MM/DD/YYYY),Time (HH:mm:ss),Time (Fract. Sec),Site Name,Chlorophyll RFU,Chlorophyll ug/L,Cond µS/cm,nLF Cond µS/cm,ODO % sat,ODO % local,ODO mg/L,Sal psu,SpCond µS/cm,TAL PC RFU,TAL PC ug/L,TDS mg/L,Turbidity FNU,TSS mg/L,Wiper Position volt,pH,pH mV,Temp °C,GPS Latitude °,GPS Longitude °,Altitude m,Battery V,Cable Pwr V,Barometer mmHg
6/27/2022,9:35:27,0,Sandusky_1_MuddyCreek,11.98,48.62,386.8,393.7,101.1,101.1,8.48,0.19,393.1,1.88,1.9,255,55.55,0,1.201,8.97,-124.8,24.17,41.45359,-83.00241,167.6,0,12.2,749.2
,,,,,,,,,,,,,,,,,,,,,,,,,,,
,,,MEAN VALUE:,6.61,26.8,387.8,393.6,96.5,96.5,8.07,0.19,393,1.93,1.95,255,41.23,0,1.2,NA,-117.7,24.301,41.45154,-82.95507,173.8,0,12.2,749.4
,,,STANDARD DEVIATION:,0,0,0,0,0,0,0,0,0,0,0,0,0,0,0,0,0,0,0,0,0,0,0,0
,,,,,,,,,,,,,,,,,,,,,,,,,,,
,,,SENSOR SERIAL NUMBER:,15B101563,15B101563,19D104366,19D104366,17C105036,17C105036,17C105036,19D104366,19D104366,15B101563,15B101563,19D104366,15D102653,15D102653,15D102606,17C104424,17C104424,19D104366,19G101790,19G101790,19G101790,19G101790,19G101790,19G101790
Date (MM/DD/YYYY),Time (HH:mm:ss),Time (Fract. Sec),Site Name,Chlorophyll RFU,Chlorophyll ug/L,Cond µS/cm,nLF Cond µS/cm,ODO % sat,ODO % local,ODO mg/L,Sal psu,SpCond µS/cm,TAL PC RFU,TAL PC ug/L,TDS mg/L,Turbidity FNU,TSS mg/L,Wiper Position volt,pH,pH mV,Temp °C,GPS Latitude °,GPS Longitude °,Altitude m,Battery V,Cable Pwr V,Barometer mmHg
6/27/2022,10:02:15,0,Sandusky_2_ODNR4,6.61,26.8,387.8,393.6,96.5,96.5,8.07,0.19,393,1.93,1.95,255,41.23,0,1.2,8.85,-117.7,24.301,41.45154,-82.95507,173.8,0,12.2,749.4
,,,,,,,,,,,,,,,,,,,,,,,,,,,
,,,MEAN VALUE:,5.6,22.69,435.7,445.7,105.4,105.4,8.87,0.21,444.8,3.35,3.39,289,35.78,0,1.201,NA,-109.2,23.932,41.45469,-82.89311,183.1,0,12.2,749.3
,,,STANDARD DEVIATION:,0,0,0,0,0,0,0,0,0,0,0,0,0,0,0,0,0,0,0,0,0,0,0,0
,,,,,,,,,,,,,,,,,,,,,,,,,,,
,,,SENSOR SERIAL NUMBER:,15B101563,15B101563,19D104366,19D104366,17C105036,17C105036,17C105036,19D104366,19D104366,15B101563,15B101563,19D104366,15D102653,15D102653,15D102606,17C104424,17C104424,19D104366,19G101790,19G101790,19G101790,19G101790,19G101790,19G101790
Date (MM/DD/YYYY),Time (HH:mm:ss),Time (Fract. Sec),Site Name,Chlorophyll RFU,Chlorophyll ug/L,Cond µS/cm,nLF Cond µS/cm,ODO % sat,ODO % local,ODO mg/L,Sal psu,SpCond µS/cm,TAL PC RFU,TAL PC ug/L,TDS mg/L,Turbidity FNU,TSS mg/L,Wiper Position volt,pH,pH mV,Temp °C,GPS Latitude °,GPS Longitude °,Altitude m,Battery V,Cable Pwr V,Barometer mmHg
6/27/2022,10:34:42,0,Sandusky_3_ODNR6,5.6,22.69,435.7,445.7,105.4,105.4,8.87,0.21,444.8,3.35,3.39,289,35.78,0,1.201,8.7,-109.2,23.932,41.45469,-82.89311,183.1,0,12.2,749.3
,,,,,,,,,,,,,,,,,,,,,,,,,,,
,,,MEAN VALUE:,2.83,11.45,470.7,477.2,99.4,99.4,8.3,0.23,476.6,2.33,2.36,310,36.35,0,1.201,NA,-97.1,24.352,41.48088,-82.83477,175,0,12.2,749.5
,,,STANDARD DEVIATION:,0,0,0,0,0,0,0,0,0,0,0,0,0,0,0,0,0,0,0,0,0,0,0,0
,,,,,,,,,,,,,,,,,,,,,,,,,,,
,,,SENSOR SERIAL NUMBER:,15B101563,15B101563,19D104366,19D104366,17C105036,17C105036,17C105036,19D104366,19D104366,15B101563,15B101563,19D104366,15D102653,15D102653,15D102606,17C104424,17C104424,19D104366,19G101790,19G101790,19G101790,19G101790,19G101790,19G101790
Date (MM/DD/YYYY),Time (HH:mm:ss),Time (Fract. Sec),Site Name,Chlorophyll RFU,Chlorophyll ug/L,Cond µS/cm,nLF Cond µS/cm,ODO % sat,ODO % local,ODO mg/L,Sal psu,SpCond µS/cm,TAL PC RFU,TAL PC ug/L,TDS mg/L,Turbidity FNU,TSS mg/L,Wiper Position volt,pH,pH mV,Temp °C,GPS Latitude °,GPS Longitude °,Altitude m,Battery V,Cable Pwr V,Barometer mmHg
6/27/2022,10:57:53,0,Sandusky_4_Bridge,2.83,11.45,470.7,477.2,99.4,99.4,8.3,0.23,476.6,2.33,2.36,310,36.35,0,1.201,8.49,-97.1,24.352,41.48088,-82.83477,175,0,12.2,749.5
,,,,,,,,,,,,,,,,,,,,,,,,,,,
,,,MEAN VALUE:,3.29,13.31,445.5,451.8,117,117,9.78,0.22,451.2,3.6,3.64,293,21.93,0,1.201,NA,-118.2,24.34,41.47466,-82.7765,171,0,12.2,749.4
,,,STANDARD DEVIATION:,0,0,0,0,0,0,0,0,0,0,0,0,0,0,0,0,0,0,0,0,0,0,0,0
,,,,,,,,,,,,,,,,,,,,,,,,,,,
,,,SENSOR SERIAL NUMBER:,15B101563,15B101563,19D104366,19D104366,17C105036,17C105036,17C105036,19D104366,19D104366,15B101563,15B101563,19D104366,15D102653,15D102653,15D102606,17C104424,17C104424,19D104366,19G101790,19G101790,19G101790,19G101790,19G101790,19G101790
Date (MM/DD/YYYY),Time (HH:mm:ss),Time (Fract. Sec),Site Name,Chlorophyll RFU,Chlorophyll ug/L,Cond µS/cm,nLF Cond µS/cm,ODO % sat,ODO % local,ODO mg/L,Sal psu,SpCond µS/cm,TAL PC RFU,TAL PC ug/L,TDS mg/L,Turbidity FNU,TSS mg/L,Wiper Position volt,pH,pH mV,Temp °C,GPS Latitude °,GPS Longitude °,Altitude m,Battery V,Cable Pwr V,Barometer mmHg
6/27/2022,11:21:08,0,Sandusky_5_ODNR2,3.29,13.31,445.5,451.8,117,117,9.78,0.22,451.2,3.6,3.64,293,21.93,0,1.201,8.85,-118.2,24.34,41.47466,-82.7765,171,0,12.2,749.4
,,,,,,,,,,,,,,,,,,,,,,,,,,,
,,,MEAN VALUE:,2.79,11.27,435.6,442.8,90.9,90.9,7.61,0.21,442.2,0.87,0.87,287,17.35,0,1.2,NA,-89.7,24.22,41.47007,-82.75559,173.9,0,12.2,749.5
,,,STANDARD DEVIATION:,0,0,0,0,0,0,0,0,0,0,0,0,0,0,0,0,0,0,0,0,0,0,0,0
,,,,,,,,,,,,,,,,,,,,,,,,,,,
,,,SENSOR SERIAL NUMBER:,15B101563,15B101563,19D104366,19D104366,17C105036,17C105036,17C105036,19D104366,19D104366,15B101563,15B101563,19D104366,15D102653,15D102653,15D102606,17C104424,17C104424,19D104366,19G101790,19G101790,19G101790,19G101790,19G101790,19G101790
Date (MM/DD/YYYY),Time (HH:mm:ss),Time (Fract. Sec),Site Name,Chlorophyll RFU,Chlorophyll ug/L,Cond µS/cm,nLF Cond µS/cm,ODO % sat,ODO % local,ODO mg/L,Sal psu,SpCond µS/cm,TAL PC RFU,TAL PC ug/L,TDS mg/L,Turbidity FNU,TSS mg/L,Wiper Position volt,pH,pH mV,Temp °C,GPS Latitude °,GPS Longitude °,Altitude m,Battery V,Cable Pwr V,Barometer mmHg
6/27/2022,11:47:42,0,Sandusky_6_Buoy2,2.79,11.27,435.6,442.8,90.9,90.9,7.61,0.21,442.2,0.87,0.87,287,17.35,0,1.2,8.36,-89.7,24.22,41.47007,-82.75559,173.9,0,12.2,749.5
,,,,,,,,,,,,,,,,,,,,,,,,,,,
,,,MEAN VALUE:,2.25,9.1,399.8,408.8,101.2,101.2,8.52,0.2,408,0.9,0.9,265,14.49,0,1.201,NA,-104.6,23.949,41.47236,-82.73811,172.3,0,12.2,749.3
,,,STANDARD DEVIATION:,0,0,0,0,0,0,0,0,0,0,0,0,0,0,0,0,0,0,0,0,0,0,0,0
,,,,,,,,,,,,,,,,,,,,,,,,,,,
,,,SENSOR SERIAL NUMBER:,15B101563,15B101563,19D104366,19D104366,17C105036,17C105036,17C105036,19D104366,19D104366,15B101563,15B101563,19D104366,15D102653,15D102653,15D102606,17C104424,17C104424,19D104366,19G101790,19G101790,19G101790,19G101790,19G101790,19G101790
Date (MM/DD/YYYY),Time (HH:mm:ss),Time (Fract. Sec),Site Name,Chlorophyll RFU,Chlorophyll ug/L,Cond µS/cm,nLF Cond µS/cm,ODO % sat,ODO % local,ODO mg/L,Sal psu,SpCond µS/cm,TAL PC RFU,TAL PC ug/L,TDS mg/L,Turbidity FNU,TSS mg/L,Wiper Position volt,pH,pH mV,Temp °C,GPS Latitude °,GPS Longitude °,Altitude m,Battery V,Cable Pwr V,Barometer mmHg
6/27/2022,12:10:04,0,Sandusky_7_ODNR1,2.25,9.1,399.8,408.8,101.2,101.2,8.52,0.2,408,0.9,0.9,265,14.49,0,1.201,8.62,-104.6,23.949,41.47236,-82.73811,172.3,0,12.2,749.3
,,,,,,,,,,,,,,,,,,,,,,,,,,,
,,,MEAN VALUE:,2.43,9.81,336.5,348.4,109.7,109.7,9.34,0.17,347.4,0.94,0.94,226,13.81,0,1.201,NA,-115.3,23.359,41.478,-82.70614,172.7,0,12.2,749.5
,,,STANDARD DEVIATION:,0,0,0,0,0,0,0,0,0,0,0,0,0,0,0,0,0,0,0,0,0,0,0,0
,,,,,,,,,,,,,,,,,,,,,,,,,,,
,,,SENSOR SERIAL NUMBER:,15B101563,15B101563,19D104366,19D104366,17C105036,17C105036,17C105036,19D104366,19D104366,15B101563,15B101563,19D104366,15D102653,15D102653,15D102606,17C104424,17C104424,19D104366,19G101790,19G101790,19G101790,19G101790,19G101790,19G101790
Date (MM/DD/YYYY),Time (HH:mm:ss),Time (Fract. Sec),Site Name,Chlorophyll RFU,Chlorophyll ug/L,Cond µS/cm,nLF Cond µS/cm,ODO % sat,ODO % local,ODO mg/L,Sal psu,SpCond µS/cm,TAL PC RFU,TAL PC ug/L,TDS mg/L,Turbidity FNU,TSS mg/L,Wiper Position volt,pH,pH mV,Temp °C,GPS Latitude °,GPS Longitude °,Altitude m,Battery V,Cable Pwr V,Barometer mmHg
6/27/2022,12:38:17,0,Sandusky_8_EC1163,2.43,9.81,336.5,348.4,109.7,109.7,9.34,0.17,347.4,0.94,0.94,226,13.81,0,1.201,8.81,-115.3,23.359,41.478,-82.70614,172.7,0,12.2,749.5
,,,,,,,,,,,,,,,,,,,,,,,,,,,
,,,MEAN VALUE:,0,0,0,741.9,,,,,,,,,,,,,,,,,,,,
,,,STANDARD DEVIATION:,0,0,0,0,,,,,,,,,,,,,,,,,,,,
,,,,,,,,,,,,,,,,,,,,,,,,,,,
,,,SENSOR SERIAL NUMBER:,19G101790,19G101790,19G101790,19G101790,,,,,,,,,,,,,,,,,,,,
Date (MM/DD/YYYY),Time (HH:mm:ss),Time (Fract. Sec),Site Name,GPS Latitude °,GPS Longitude °,Altitude m,Barometer mmHg,,,,,,,,,,,,,,,,,,,,
7/1/2022,11:45:33,0,Sandusky_8_EC1163,0,0,0,741.9,,,,,,,,,,,,,,,,,,,,
,,,,,,,,,,,,,,,,,,,,,,,,,,,
,,,MEAN VALUE:,9.41,38.19,532.5,513.4,107.9,107.9,8.62,0.25,515.2,2.58,2.61,335,21.01,0,1.201,NA,-115.7,26.755,0,0,0,0,12.2,742
,,,STANDARD DEVIATION:,0,0,0,0,0,0,0,0,0,0,0,0,0,0,0,0,0,0,0,0,0,0,0,0
,,,,,,,,,,,,,,,,,,,,,,,,,,,
,,,SENSOR SERIAL NUMBER:,15B101563,15B101563,19D104366,19D104366,17C105036,17C105036,17C105036,19D104366,19D104366,15B101563,15B101563,19D104366,15D102653,15D102653,15D102606,17C104424,17C104424,19D104366,19G101790,19G101790,19G101790,19G101790,19G101790,19G101790
Date (MM/DD/YYYY),Time (HH:mm:ss),Time (Fract. Sec),Site Name,Chlorophyll RFU,Chlorophyll ug/L,Cond µS/cm,nLF Cond µS/cm,ODO % sat,ODO % local,ODO mg/L,Sal psu,SpCond µS/cm,TAL PC RFU,TAL PC ug/L,TDS mg/L,Turbidity FNU,TSS mg/L,Wiper Position volt,pH,pH mV,Temp °C,GPS Latitude °,GPS Longitude °,Altitude m,Battery V,Cable Pwr V,Barometer mmHg
7/1/2022,11:45:51,0,Sandusky_8_EC1163,9.41,38.19,532.5,513.4,107.9,107.9,8.62,0.25,515.2,2.58,2.61,335,21.01,0,1.201,8.8,-115.7,26.755,0,0,0,0,12.2,742
,,,,,,,,,,,,,,,,,,,,,,,,,,,
,,,MEAN VALUE:,41.53731,-83.79892,205.1,742,,,,,,,,,,,,,,,,,,,,
,,,STANDARD DEVIATION:,0,0,0,0,,,,,,,,,,,,,,,,,,,,
,,,,,,,,,,,,,,,,,,,,,,,,,,,
,,,SENSOR SERIAL NUMBER:,19G101790,19G101790,19G101790,19G101790,,,,,,,,,,,,,,,,,,,,
Date (MM/DD/YYYY),Time (HH:mm:ss),Time (Fract. Sec),Site Name,GPS Latitude °,GPS Longitude °,Altitude m,Barometer mmHg,,,,,,,,,,,,,,,,,,,,
7/1/2022,11:53:04,0,Sandusky_8_EC1163,41.53731,-83.79892,205.1,742,,,,,,,,,,,,,,,,,,,,
,,,,,,,,,,,,,,,,,,,,,,,,,,,
,,,MEAN VALUE:,41.53735,-83.79891,196.5,742,,,,,,,,,,,,,,,,,,,,
,,,STANDARD DEVIATION:,0,0,0,0,,,,,,,,,,,,,,,,,,,,
,,,,,,,,,,,,,,,,,,,,,,,,,,,
,,,SENSOR SERIAL NUMBER:,19G101790,19G101790,19G101790,19G101790,,,,,,,,,,,,,,,,,,,,
Date (MM/DD/YYYY),Time (HH:mm:ss),Time (Fract. Sec),Site Name,GPS Latitude °,GPS Longitude °,Altitude m,Barometer mmHg,,,,,,,,,,,,,,,,,,,,
7/1/2022,11:53:16,0,Sandusky_8_EC1163,41.53735,-83.79891,196.5,742,,,,,,,,,,,,,,,,,,,,
,,,,,,,,,,,,,,,,,,,,,,,,,,,
,,,MEAN VALUE:,41.53673,-83.7967,189.5,742,,,,,,,,,,,,,,,,,,,,
,,,STANDARD DEVIATION:,0,0,0,0,,,,,,,,,,,,,,,,,,,,
,,,,,,,,,,,,,,,,,,,,,,,,,,,
,,,SENSOR SERIAL NUMBER:,19G101790,19G101790,19G101790,19G101790,,,,,,,,,,,,,,,,,,,,
Date (MM/DD/YYYY),Time (HH:mm:ss),Time (Fract. Sec),Site Name,GPS Latitude °,GPS Longitude °,Altitude m,Barometer mmHg,,,,,,,,,,,,,,,,,,,,
7/1/2022,12:00:33,0,Sandusky_8_EC1163,41.53673,-83.7967,189.5,742,,,,,,,,,,,,,,,,,,,,
,,,,,,,,,,,,,,,,,,,,,,,,,,,
,,,MEAN VALUE:,41.53673,-83.7967,191.3,742,,,,,,,,,,,,,,,,,,,,
,,,STANDARD DEVIATION:,0,0,0,0,,,,,,,,,,,,,,,,,,,,
,,,,,,,,,,,,,,,,,,,,,,,,,,,
,,,SENSOR SERIAL NUMBER:,19G101790,19G101790,19G101790,19G101790,,,,,,,,,,,,,,,,,,,,
Date (MM/DD/YYYY),Time (HH:mm:ss),Time (Fract. Sec),Site Name,GPS Latitude °,GPS Longitude °,Altitude m,Barometer mmHg,,,,,,,,,,,,,,,,,,,,
7/1/2022,12:00:36,0,Sandusky_8_EC1163,41.53673,-83.7967,191.3,742,,,,,,,,,,,,,,,,,,,,
,,,,,,,,,,,,,,,,,,,,,,,,,,,
,,,MEAN VALUE:,12.91,52.42,536,509,139.3,139.3,10.99,0.24,511.6,2.91,2.94,333,16.22,0,1.201,NA,-121.6,27.497,41.53673,-83.79669,192.9,0,12.2,742
,,,STANDARD DEVIATION:,0,0,0,0,0,0,0,0,0,0,0,0,0,0,0,0,0,0,0,0,0,0,0,0
,,,,,,,,,,,,,,,,,,,,,,,,,,,
,,,SENSOR SERIAL NUMBER:,15B101563,15B101563,19D104366,19D104366,17C105036,17C105036,17C105036,19D104366,19D104366,15B101563,15B101563,19D104366,15D102653,15D102653,15D102606,17C104424,17C104424,19D104366,19G101790,19G101790,19G101790,19G101790,19G101790,19G101790
Date (MM/DD/YYYY),Time (HH:mm:ss),Time (Fract. Sec),Site Name,Chlorophyll RFU,Chlorophyll ug/L,Cond µS/cm,nLF Cond µS/cm,ODO % sat,ODO % local,ODO mg/L,Sal psu,SpCond µS/cm,TAL PC RFU,TAL PC ug/L,TDS mg/L,Turbidity FNU,TSS mg/L,Wiper Position volt,pH,pH mV,Temp °C,GPS Latitude °,GPS Longitude °,Altitude m,Battery V,Cable Pwr V,Barometer mmHg
7/1/2022,12:00:41,0,Sandusky_8_EC1163,12.91,52.42,536,509,139.3,139.3,10.99,0.24,511.6,2.91,2.94,333,16.22,0,1.201,8.89,-121.6,27.497,41.53673,-83.79669,192.9,0,12.2,742
,,,,,,,,,,,,,,,,,,,,,,,,,,,
,,,MEAN VALUE:,10.85,44.03,536.2,508.9,139.5,139.5,10.99,0.24,511.5,2.65,2.68,332,14.75,0,1.201,NA,-122.8,27.523,41.53588,-83.79852,189.9,0,12.2,742
,,,STANDARD DEVIATION:,0,0,0,0,0,0,0,0,0,0,0,0,0,0,0,0,0,0,0,0,0,0,0,0
,,,,,,,,,,,,,,,,,,,,,,,,,,,
,,,SENSOR SERIAL NUMBER:,15B101563,15B101563,19D104366,19D104366,17C105036,17C105036,17C105036,19D104366,19D104366,15B101563,15B101563,19D104366,15D102653,15D102653,15D102606,17C104424,17C104424,19D104366,19G101790,19G101790,19G101790,19G101790,19G101790,19G101790
Date (MM/DD/YYYY),Time (HH:mm:ss),Time (Fract. Sec),Site Name,Chlorophyll RFU,Chlorophyll ug/L,Cond µS/cm,nLF Cond µS/cm,ODO % sat,ODO % local,ODO mg/L,Sal psu,SpCond µS/cm,TAL PC RFU,TAL PC ug/L,TDS mg/L,Turbidity FNU,TSS mg/L,Wiper Position volt,pH,pH mV,Temp °C,GPS Latitude °,GPS Longitude °,Altitude m,Battery V,Cable Pwr V,Barometer mmHg
7/1/2022,12:08:14,0,Sandusky_8_EC1163,10.85,44.03,536.2,508.9,139.5,139.5,10.99,0.24,511.5,2.65,2.68,332,14.75,0,1.201,8.91,-122.8,27.523,41.53588,-83.79852,189.9,0,12.2,742
,,,,,,,,,,,,,,,,,,,,,,,,,,,
,,,MEAN VALUE:,18.38,74.64,441.6,440.3,106.2,106.2,8.74,0.21,440.4,3.15,3.18,286,66.12,0,1.2,NA,-118.5,25.143,41.45466,-83.00227,173.3,0,12.2,743.1
,,,STANDARD DEVIATION:,0,0,0,0,0,0,0,0,0,0,0,0,0,0,0,0,0,0,0,0,0,0,0,0
,,,,,,,,,,,,,,,,,,,,,,,,,,,
,,,SENSOR SERIAL NUMBER:,15B101563,15B101563,19D104366,19D104366,17C105036,17C105036,17C105036,19D104366,19D104366,15B101563,15B101563,19D104366,15D102653,15D102653,15D102606,17C104424,17C104424,19D104366,19G101790,19G101790,19G101790,19G101790,19G101790,19G101790
Date (MM/DD/YYYY),Time (HH:mm:ss),Time (Fract. Sec),Site Name,Chlorophyll RFU,Chlorophyll ug/L,Cond µS/cm,nLF Cond µS/cm,ODO % sat,ODO % local,ODO mg/L,Sal psu,SpCond µS/cm,TAL PC RFU,TAL PC ug/L,TDS mg/L,Turbidity FNU,TSS mg/L,Wiper Position volt,pH,pH mV,Temp °C,GPS Latitude °,GPS Longitude °,Altitude m,Battery V,Cable Pwr V,Barometer mmHg
7/5/2022,9:42:30,0,Sandusky_1_MuddyCreek,18.38,74.64,441.6,440.3,106.2,106.2,8.74,0.21,440.4,3.15,3.18,286,66.12,0,1.2,8.85,-118.5,25.143,41.45466,-83.00227,173.3,0,12.2,743.1
,,,,,,,,,,,,,,,,,,,,,,,,,,,
,,,MEAN VALUE:,9.88,40.1,372.8,376.4,90.1,90.1,7.5,0.18,376,2.8,2.84,244,32.69,0,1.2,NA,-119.7,24.549,41.45305,-82.96074,174.8,0,12.2,742.9
,,,STANDARD DEVIATION:,0,0,0,0,0,0,0,0,0,0,0,0,0,0,0,0,0,0,0,0,0,0,0,0
,,,,,,,,,,,,,,,,,,,,,,,,,,,
,,,SENSOR SERIAL NUMBER:,15B101563,15B101563,19D104366,19D104366,17C105036,17C105036,17C105036,19D104366,19D104366,15B101563,15B101563,19D104366,15D102653,15D102653,15D102606,17C104424,17C104424,19D104366,19G101790,19G101790,19G101790,19G101790,19G101790,19G101790
Date (MM/DD/YYYY),Time (HH:mm:ss),Time (Fract. Sec),Site Name,Chlorophyll RFU,Chlorophyll ug/L,Cond µS/cm,nLF Cond µS/cm,ODO % sat,ODO % local,ODO mg/L,Sal psu,SpCond µS/cm,TAL PC RFU,TAL PC ug/L,TDS mg/L,Turbidity FNU,TSS mg/L,Wiper Position volt,pH,pH mV,Temp °C,GPS Latitude °,GPS Longitude °,Altitude m,Battery V,Cable Pwr V,Barometer mmHg
7/5/2022,10:12:10,0,Sandusky_2_ODNR4,9.88,40.1,372.8,376.4,90.1,90.1,7.5,0.18,376,2.8,2.84,244,32.69,0,1.2,8.88,-119.7,24.549,41.45305,-82.96074,174.8,0,12.2,742.9
,,,,,,,,,,,,,,,,,,,,,,,,,,,
,,,MEAN VALUE:,5.61,22.75,418.8,420.9,101.3,101.3,8.4,0.2,420.7,3.32,3.36,273,35.68,0,1.2,NA,-108,24.762,41.45554,-82.89218,170.7,0,12.2,742.9
,,,STANDARD DEVIATION:,0,0,0,0,0,0,0,0,0,0,0,0,0,0,0,0,0,0,0,0,0,0,0,0
,,,,,,,,,,,,,,,,,,,,,,,,,,,
,,,SENSOR SERIAL NUMBER:,15B101563,15B101563,19D104366,19D104366,17C105036,17C105036,17C105036,19D104366,19D104366,15B101563,15B101563,19D104366,15D102653,15D102653,15D102606,17C104424,17C104424,19D104366,19G101790,19G101790,19G101790,19G101790,19G101790,19G101790
Date (MM/DD/YYYY),Time (HH:mm:ss),Time (Fract. Sec),Site Name,Chlorophyll RFU,Chlorophyll ug/L,Cond µS/cm,nLF Cond µS/cm,ODO % sat,ODO % local,ODO mg/L,Sal psu,SpCond µS/cm,TAL PC RFU,TAL PC ug/L,TDS mg/L,Turbidity FNU,TSS mg/L,Wiper Position volt,pH,pH mV,Temp °C,GPS Latitude °,GPS Longitude °,Altitude m,Battery V,Cable Pwr V,Barometer mmHg
7/5/2022,10:51:57,0,Sandusky_3_ODNR6,5.61,22.75,418.8,420.9,101.3,101.3,8.4,0.2,420.7,3.32,3.36,273,35.68,0,1.2,8.67,-108,24.762,41.45554,-82.89218,170.7,0,12.2,742.9
,,,,,,,,,,,,,,,,,,,,,,,,,,,
,,,MEAN VALUE:,6.52,26.44,432.6,430.8,95.3,95.3,7.83,0.21,431,4.63,4.69,280,50.71,0,1.2,NA,-85.8,25.201,41.48086,-82.83417,174.2,0,12.2,743
,,,STANDARD DEVIATION:,0,0,0,0,0,0,0,0,0,0,0,0,0,0,0,0,0,0,0,0,0,0,0,0
,,,,,,,,,,,,,,,,,,,,,,,,,,,
,,,SENSOR SERIAL NUMBER:,15B101563,15B101563,19D104366,19D104366,17C105036,17C105036,17C105036,19D104366,19D104366,15B101563,15B101563,19D104366,15D102653,15D102653,15D102606,17C104424,17C104424,19D104366,19G101790,19G101790,19G101790,19G101790,19G101790,19G101790
Date (MM/DD/YYYY),Time (HH:mm:ss),Time (Fract. Sec),Site Name,Chlorophyll RFU,Chlorophyll ug/L,Cond µS/cm,nLF Cond µS/cm,ODO % sat,ODO % local,ODO mg/L,Sal psu,SpCond µS/cm,TAL PC RFU,TAL PC ug/L,TDS mg/L,Turbidity FNU,TSS mg/L,Wiper Position volt,pH,pH mV,Temp °C,GPS Latitude °,GPS Longitude °,Altitude m,Battery V,Cable Pwr V,Barometer mmHg
7/5/2022,11:15:17,0,Sandusky_4_Bridge,6.52,26.44,432.6,430.8,95.3,95.3,7.83,0.21,431,4.63,4.69,280,50.71,0,1.2,8.29,-85.8,25.201,41.48086,-82.83417,174.2,0,12.2,743
,,,,,,,,,,,,,,,,,,,,,,,,,,,
,,,MEAN VALUE:,5.84,23.67,443.8,443.3,86.8,86.8,7.16,0.21,443.3,1.89,1.91,288,30.03,0,1.2,NA,-93.1,25.053,41.47457,-82.77692,173.3,0,12.2,743
,,,STANDARD DEVIATION:,0,0,0,0,0,0,0,0,0,0,0,0,0,0,0,0,0,0,0,0,0,0,0,0
,,,,,,,,,,,,,,,,,,,,,,,,,,,
,,,SENSOR SERIAL NUMBER:,15B101563,15B101563,19D104366,19D104366,17C105036,17C105036,17C105036,19D104366,19D104366,15B101563,15B101563,19D104366,15D102653,15D102653,15D102606,17C104424,17C104424,19D104366,19G101790,19G101790,19G101790,19G101790,19G101790,19G101790
Date (MM/DD/YYYY),Time (HH:mm:ss),Time (Fract. Sec),Site Name,Chlorophyll RFU,Chlorophyll ug/L,Cond µS/cm,nLF Cond µS/cm,ODO % sat,ODO % local,ODO mg/L,Sal psu,SpCond µS/cm,TAL PC RFU,TAL PC ug/L,TDS mg/L,Turbidity FNU,TSS mg/L,Wiper Position volt,pH,pH mV,Temp °C,GPS Latitude °,GPS Longitude °,Altitude m,Battery V,Cable Pwr V,Barometer mmHg
7/5/2022,11:37:35,0,Sandusky_5_ODNR2,5.84,23.67,443.8,443.3,86.8,86.8,7.16,0.21,443.3,1.89,1.91,288,30.03,0,1.2,8.41,-93.1,25.053,41.47457,-82.77692,173.3,0,12.2,743
,,,,,,,,,,,,,,,,,,,,,,,,,,,
,,,MEAN VALUE:,2.26,9.13,410.9,413.2,92.9,92.9,7.71,0.2,413,2.27,2.29,268,31.71,0,1.2,NA,-92.7,24.741,41.47394,-82.73634,174.8,0,12.2,742.6
,,,STANDARD DEVIATION:,0,0,0,0,0,0,0,0,0,0,0,0,0,0,0,0,0,0,0,0,0,0,0,0
,,,,,,,,,,,,,,,,,,,,,,,,,,,
,,,SENSOR SERIAL NUMBER:,15B101563,15B101563,19D104366,19D104366,17C105036,17C105036,17C105036,19D104366,19D104366,15B101563,15B101563,19D104366,15D102653,15D102653,15D102606,17C104424,17C104424,19D104366,19G101790,19G101790,19G101790,19G101790,19G101790,19G101790
Date (MM/DD/YYYY),Time (HH:mm:ss),Time (Fract. Sec),Site Name,Chlorophyll RFU,Chlorophyll ug/L,Cond µS/cm,nLF Cond µS/cm,ODO % sat,ODO % local,ODO mg/L,Sal psu,SpCond µS/cm,TAL PC RFU,TAL PC ug/L,TDS mg/L,Turbidity FNU,TSS mg/L,Wiper Position volt,pH,pH mV,Temp °C,GPS Latitude °,GPS Longitude °,Altitude m,Battery V,Cable Pwr V,Barometer mmHg
7/5/2022,12:25:27,0,Sandusky_7_ODNR1,2.26,9.13,410.9,413.2,92.9,92.9,7.71,0.2,413,2.27,2.29,268,31.71,0,1.2,8.41,-92.7,24.741,41.47394,-82.73634,174.8,0,12.2,742.6
,,,,,,,,,,,,,,,,,,,,,,,,,,,
,,,MEAN VALUE:,2.07,8.34,411.8,413.5,82.3,82.3,6.82,0.2,413.3,1.38,1.39,269,24.39,0,1.2,NA,-90.5,24.808,41.47869,-82.70763,173.3,0,12.2,742.5
,,,STANDARD DEVIATION:,0,0,0,0,0,0,0,0,0,0,0,0,0,0,0,0,0,0,0,0,0,0,0,0
,,,,,,,,,,,,,,,,,,,,,,,,,,,
,,,SENSOR SERIAL NUMBER:,15B101563,15B101563,19D104366,19D104366,17C105036,17C105036,17C105036,19D104366,19D104366,15B101563,15B101563,19D104366,15D102653,15D102653,15D102606,17C104424,17C104424,19D104366,19G101790,19G101790,19G101790,19G101790,19G101790,19G101790
Date (MM/DD/YYYY),Time (HH:mm:ss),Time (Fract. Sec),Site Name,Chlorophyll RFU,Chlorophyll ug/L,Cond µS/cm,nLF Cond µS/cm,ODO % sat,ODO % local,ODO mg/L,Sal psu,SpCond µS/cm,TAL PC RFU,TAL PC ug/L,TDS mg/L,Turbidity FNU,TSS mg/L,Wiper Position volt,pH,pH mV,Temp °C,GPS Latitude °,GPS Longitude °,Altitude m,Battery V,Cable Pwr V,Barometer mmHg
7/5/2022,12:52:33,0,Sandusky_8_EC1163,2.07,8.34,411.8,413.5,82.3,82.3,6.82,0.2,413.3,1.38,1.39,269,24.39,0,1.2,8.37,-90.5,24.808,41.47869,-82.70763,173.3,0,12.2,742.5
,,,,,,,,,,,,,,,,,,,,,,,,,,,
,,,MEAN VALUE:,3.03,12.24,437.1,437.9,89.2,89.2,7.37,0.21,437.8,1.99,2.01,285,22.9,0,1.2,NA,-94.7,24.919,41.47036,-82.75612,172.5,0,12.2,742.4
,,,STANDARD DEVIATION:,0,0,0,0,0,0,0,0,0,0,0,0,0,0,0,0,0,0,0,0,0,0,0,0
,,,,,,,,,,,,,,,,,,,,,,,,,,,
,,,SENSOR SERIAL NUMBER:,15B101563,15B101563,19D104366,19D104366,17C105036,17C105036,17C105036,19D104366,19D104366,15B101563,15B101563,19D104366,15D102653,15D102653,15D102606,17C104424,17C104424,19D104366,19G101790,19G101790,19G101790,19G101790,19G101790,19G101790
Date (MM/DD/YYYY),Time (HH:mm:ss),Time (Fract. Sec),Site Name,Chlorophyll RFU,Chlorophyll ug/L,Cond µS/cm,nLF Cond µS/cm,ODO % sat,ODO % local,ODO mg/L,Sal psu,SpCond µS/cm,TAL PC RFU,TAL PC ug/L,TDS mg/L,Turbidity FNU,TSS mg/L,Wiper Position volt,pH,pH mV,Temp °C,GPS Latitude °,GPS Longitude °,Altitude m,Battery V,Cable Pwr V,Barometer mmHg
7/5/2022,13:26:37,0,Sandusky_6_Buoy2,3.03,12.24,437.1,437.9,89.2,89.2,7.37,0.21,437.8,1.99,2.01,285,22.9,0,1.2,8.44,-94.7,24.919,41.47036,-82.75612,172.5,0,12.2,742.4
,,,,,,,,,,,,,,,,,,,,,,,,,,,
,,,MEAN VALUE:,15.47,62.8,519,532.8,120.8,120.8,10.2,0.26,531.6,2.78,2.82,346,56.87,0,1.2,NA,-110.7,23.766,0,0,0,0,12.2,742.6
,,,STANDARD DEVIATION:,0,0,0,0,0,0,0,0,0,0,0,0,0,0,0,0,0,0,0,0,0,0,0,0
,,,,,,,,,,,,,,,,,,,,,,,,,,,
,,,SENSOR SERIAL NUMBER:,15B101563,15B101563,19D104366,19D104366,17C105036,17C105036,17C105036,19D104366,19D104366,15B101563,15B101563,19D104366,15D102653,15D102653,15D102606,17C104424,17C104424,19D104366,19G101790,19G101790,19G101790,19G101790,19G101790,19G101790
Date (MM/DD/YYYY),Time (HH:mm:ss),Time (Fract. Sec),Site Name,Chlorophyll RFU,Chlorophyll ug/L,Cond µS/cm,nLF Cond µS/cm,ODO % sat,ODO % local,ODO mg/L,Sal psu,SpCond µS/cm,TAL PC RFU,TAL PC ug/L,TDS mg/L,Turbidity FNU,TSS mg/L,Wiper Position volt,pH,pH mV,Temp °C,GPS Latitude °,GPS Longitude °,Altitude m,Battery V,Cable Pwr V,Barometer mmHg
7/11/2022,9:46:11,0,Sandusky_1_MuddyCreek,15.47,62.8,519,532.8,120.8,120.8,10.2,0.26,531.6,2.78,2.82,346,56.87,0,1.2,8.73,-110.7,23.766,0,0,0,0,12.2,742.6
,,,,,,,,,,,,,,,,,,,,,,,,,,,
,,,MEAN VALUE:,9.32,37.8,415.9,423.1,135.6,135.6,11.36,0.2,422.5,4.46,4.52,275,40.18,0,1.199,NA,-132.6,24.19,41.45266,-82.96085,174.4,0,12.2,742.6
,,,STANDARD DEVIATION:,0,0,0,0,0,0,0,0,0,0,0,0,0,0,0,0,0,0,0,0,0,0,0,0
,,,,,,,,,,,,,,,,,,,,,,,,,,,
,,,SENSOR SERIAL NUMBER:,15B101563,15B101563,19D104366,19D104366,17C105036,17C105036,17C105036,19D104366,19D104366,15B101563,15B101563,19D104366,15D102653,15D102653,15D102606,17C104424,17C104424,19D104366,19G101790,19G101790,19G101790,19G101790,19G101790,19G101790
Date (MM/DD/YYYY),Time (HH:mm:ss),Time (Fract. Sec),Site Name,Chlorophyll RFU,Chlorophyll ug/L,Cond µS/cm,nLF Cond µS/cm,ODO % sat,ODO % local,ODO mg/L,Sal psu,SpCond µS/cm,TAL PC RFU,TAL PC ug/L,TDS mg/L,Turbidity FNU,TSS mg/L,Wiper Position volt,pH,pH mV,Temp °C,GPS Latitude °,GPS Longitude °,Altitude m,Battery V,Cable Pwr V,Barometer mmHg
7/11/2022,10:12:36,0,Sandusky_2_ODNR4,9.32,37.8,415.9,423.1,135.6,135.6,11.36,0.2,422.5,4.46,4.52,275,40.18,0,1.199,9.11,-132.6,24.19,41.45266,-82.96085,174.4,0,12.2,742.6
,,,,,,,,,,,,,,,,,,,,,,,,,,,
,,,MEAN VALUE:,41.45723,-82.89841,172.9,742.6,,,,,,,,,,,,,,,,,,,,
,,,STANDARD DEVIATION:,0,0,0,0,,,,,,,,,,,,,,,,,,,,
,,,,,,,,,,,,,,,,,,,,,,,,,,,
,,,SENSOR SERIAL NUMBER:,19G101790,19G101790,19G101790,19G101790,,,,,,,,,,,,,,,,,,,,
Date (MM/DD/YYYY),Time (HH:mm:ss),Time (Fract. Sec),Site Name,GPS Latitude °,GPS Longitude °,Altitude m,Barometer mmHg,,,,,,,,,,,,,,,,,,,,
7/11/2022,10:42:46,0,Sandusky_3_ODNR6,41.45723,-82.89841,172.9,742.6,,,,,,,,,,,,,,,,,,,,
,,,,,,,,,,,,,,,,,,,,,,,,,,,
,,,MEAN VALUE:,6.76,27.41,406.5,407.3,94.3,94.3,7.8,0.19,407.2,3.09,3.13,265,34.47,0,1.2,NA,-105.5,24.899,41.48065,-82.83477,172.5,0,12.2,742.3
,,,STANDARD DEVIATION:,0,0,0,0,0,0,0,0,0,0,0,0,0,0,0,0,0,0,0,0,0,0,0,0
,,,,,,,,,,,,,,,,,,,,,,,,,,,
,,,SENSOR SERIAL NUMBER:,15B101563,15B101563,19D104366,19D104366,17C105036,17C105036,17C105036,19D104366,19D104366,15B101563,15B101563,19D104366,15D102653,15D102653,15D102606,17C104424,17C104424,19D104366,19G101790,19G101790,19G101790,19G101790,19G101790,19G101790
Date (MM/DD/YYYY),Time (HH:mm:ss),Time (Fract. Sec),Site Name,Chlorophyll RFU,Chlorophyll ug/L,Cond µS/cm,nLF Cond µS/cm,ODO % sat,ODO % local,ODO mg/L,Sal psu,SpCond µS/cm,TAL PC RFU,TAL PC ug/L,TDS mg/L,Turbidity FNU,TSS mg/L,Wiper Position volt,pH,pH mV,Temp °C,GPS Latitude °,GPS Longitude °,Altitude m,Battery V,Cable Pwr V,Barometer mmHg
7/11/2022,11:10:28,0,Sandusky_4_Bridge,6.76,27.41,406.5,407.3,94.3,94.3,7.8,0.19,407.2,3.09,3.13,265,34.47,0,1.2,8.63,-105.5,24.899,41.48065,-82.83477,172.5,0,12.2,742.3
,,,,,,,,,,,,,,,,,,,,,,,,,,,
,,,MEAN VALUE:,41.47999,-82.77825,185.7,742.2,,,,,,,,,,,,,,,,,,,,
,,,STANDARD DEVIATION:,0,0,0,0,,,,,,,,,,,,,,,,,,,,
,,,,,,,,,,,,,,,,,,,,,,,,,,,
,,,SENSOR SERIAL NUMBER:,19G101790,19G101790,19G101790,19G101790,,,,,,,,,,,,,,,,,,,,
Date (MM/DD/YYYY),Time (HH:mm:ss),Time (Fract. Sec),Site Name,GPS Latitude °,GPS Longitude °,Altitude m,Barometer mmHg,,,,,,,,,,,,,,,,,,,,
7/11/2022,11:37:20,0,Sandusky_5_ODNR2,41.47999,-82.77825,185.7,742.2,,,,,,,,,,,,,,,,,,,,
,,,,,,,,,,,,,,,,,,,,,,,,,,,
,,,MEAN VALUE:,3.58,14.48,444,449.2,94.4,94.4,7.88,0.21,448.8,1.38,1.39,292,16.53,0,1.199,NA,-95.9,24.44,41.47012,-82.75571,171.5,0,12.2,741.8
,,,STANDARD DEVIATION:,0,0,0,0,0,0,0,0,0,0,0,0,0,0,0,0,0,0,0,0,0,0,0,0
,,,,,,,,,,,,,,,,,,,,,,,,,,,
,,,SENSOR SERIAL NUMBER:,15B101563,15B101563,19D104366,19D104366,17C105036,17C105036,17C105036,19D104366,19D104366,15B101563,15B101563,19D104366,15D102653,15D102653,15D102606,17C104424,17C104424,19D104366,19G101790,19G101790,19G101790,19G101790,19G101790,19G101790
Date (MM/DD/YYYY),Time (HH:mm:ss),Time (Fract. Sec),Site Name,Chlorophyll RFU,Chlorophyll ug/L,Cond µS/cm,nLF Cond µS/cm,ODO % sat,ODO % local,ODO mg/L,Sal psu,SpCond µS/cm,TAL PC RFU,TAL PC ug/L,TDS mg/L,Turbidity FNU,TSS mg/L,Wiper Position volt,pH,pH mV,Temp °C,GPS Latitude °,GPS Longitude °,Altitude m,Battery V,Cable Pwr V,Barometer mmHg
7/11/2022,11:58:09,0,Sandusky_6_Buoy2,3.58,14.48,444,449.2,94.4,94.4,7.88,0.21,448.8,1.38,1.39,292,16.53,0,1.199,8.46,-95.9,24.44,41.47012,-82.75571,171.5,0,12.2,741.8
,,,,,,,,,,,,,,,,,,,,,,,,,,,
,,,MEAN VALUE:,41.47712,-82.73943,169.7,742,,,,,,,,,,,,,,,,,,,,
,,,STANDARD DEVIATION:,0,0,0,0,,,,,,,,,,,,,,,,,,,,
,,,,,,,,,,,,,,,,,,,,,,,,,,,
,,,SENSOR SERIAL NUMBER:,19G101790,19G101790,19G101790,19G101790,,,,,,,,,,,,,,,,,,,,
Date (MM/DD/YYYY),Time (HH:mm:ss),Time (Fract. Sec),Site Name,GPS Latitude °,GPS Longitude °,Altitude m,Barometer mmHg,,,,,,,,,,,,,,,,,,,,
7/11/2022,12:18:54,0,Sandusky_7_ODNR1,41.47712,-82.73943,169.7,742,,,,,,,,,,,,,,,,,,,,
,,,,,,,,,,,,,,,,,,,,,,,,,,,
,,,MEAN VALUE:,0,0,0,741.7,,,,,,,,,,,,,,,,,,,,
,,,STANDARD DEVIATION:,0,0,0,0,,,,,,,,,,,,,,,,,,,,
,,,,,,,,,,,,,,,,,,,,,,,,,,,
,,,SENSOR SERIAL NUMBER:,19G101790,19G101790,19G101790,19G101790,,,,,,,,,,,,,,,,,,,,
Date (MM/DD/YYYY),Time (HH:mm:ss),Time (Fract. Sec),Site Name,GPS Latitude °,GPS Longitude °,Altitude m,Barometer mmHg,,,,,,,,,,,,,,,,,,,,
7/11/2022,12:43:01,0,Sandusky_8_EC1163,0,0,0,741.7,,,,,,,,,,,,,,,,,,,,
,,,,,,,,,,,,,,,,,,,,,,,,,,,
,,,MEAN VALUE:,2.03,8.17,298.6,305.4,106.7,106.7,8.98,0.14,304.8,0.72,0.72,198,9.48,0,1.202,NA,-106.2,23.932,41.51181,-82.65786,172.4,0,12.2,741.7
,,,STANDARD DEVIATION:,0,0,0,0,0,0,0,0,0,0,0,0,0,0,0,0,0,0,0,0,0,0,0,0
,,,,,,,,,,,,,,,,,,,,,,,,,,,
,,,SENSOR SERIAL NUMBER:,15B101563,15B101563,19D104366,19D104366,17C105036,17C105036,17C105036,19D104366,19D104366,15B101563,15B101563,19D104366,15D102653,15D102653,15D102606,17C104424,17C104424,19D104366,19G101790,19G101790,19G101790,19G101790,19G101790,19G101790
Date (MM/DD/YYYY),Time (HH:mm:ss),Time (Fract. Sec),Site Name,Chlorophyll RFU,Chlorophyll ug/L,Cond µS/cm,nLF Cond µS/cm,ODO % sat,ODO % local,ODO mg/L,Sal psu,SpCond µS/cm,TAL PC RFU,TAL PC ug/L,TDS mg/L,Turbidity FNU,TSS mg/L,Wiper Position volt,pH,pH mV,Temp °C,GPS Latitude °,GPS Longitude °,Altitude m,Battery V,Cable Pwr V,Barometer mmHg
7/11/2022,13:12:02,0,Sandusky_9_Bells,2.03,8.17,298.6,305.4,106.7,106.7,8.98,0.14,304.8,0.72,0.72,198,9.48,0,1.202,8.65,-106.2,23.932,41.51181,-82.65786,172.4,0,12.2,741.7
,,,,,,,,,,,,,,,,,,,,,,,,,,,
,,,MEAN VALUE:,12.16,49.35,460.9,465.5,79.1,79.1,6.59,0.22,465,2.5,2.53,302,92.77,0,1.202,NA,-87,24.53,41.45601,-83.00729,176,0,12.2,741.7
,,,STANDARD DEVIATION:,0,0,0,0,0,0,0,0,0,0,0,0,0,0,0,0,0,0,0,0,0,0,0,0
,,,,,,,,,,,,,,,,,,,,,,,,,,,
,,,SENSOR SERIAL NUMBER:,15B101563,15B101563,19D104366,19D104366,17C105036,17C105036,17C105036,19D104366,19D104366,15B101563,15B101563,19D104366,15D102653,15D102653,15D102606,17C104424,17C104424,19D104366,19G101790,19G101790,19G101790,19G101790,19G101790,19G101790
Date (MM/DD/YYYY),Time (HH:mm:ss),Time (Fract. Sec),Site Name,Chlorophyll RFU,Chlorophyll ug/L,Cond µS/cm,nLF Cond µS/cm,ODO % sat,ODO % local,ODO mg/L,Sal psu,SpCond µS/cm,TAL PC RFU,TAL PC ug/L,TDS mg/L,Turbidity FNU,TSS mg/L,Wiper Position volt,pH,pH mV,Temp °C,GPS Latitude °,GPS Longitude °,Altitude m,Battery V,Cable Pwr V,Barometer mmHg
7/18/2022,9:42:45,0,Sandusky_1_MuddyCreek,12.16,49.35,460.9,465.5,79.1,79.1,6.59,0.22,465,2.5,2.53,302,92.77,0,1.202,8.31,-87,24.53,41.45601,-83.00729,176,0,12.2,741.7
,,,,,,,,,,,,,,,,,,,,,,,,,,,
,,,MEAN VALUE:,11.53,46.81,451.8,456.5,76.4,76.4,6.36,0.22,456.1,2.71,2.74,296,62.68,0,1.202,NA,-86.7,24.506,41.45347,-82.96732,171.7,0,12.2,741.8
,,,STANDARD DEVIATION:,0,0,0,0,0,0,0,0,0,0,0,0,0,0,0,0,0,0,0,0,0,0,0,0
,,,,,,,,,,,,,,,,,,,,,,,,,,,
,,,SENSOR SERIAL NUMBER:,15B101563,15B101563,19D104366,19D104366,17C105036,17C105036,17C105036,19D104366,19D104366,15B101563,15B101563,19D104366,15D102653,15D102653,15D102606,17C104424,17C104424,19D104366,19G101790,19G101790,19G101790,19G101790,19G101790,19G101790
Date (MM/DD/YYYY),Time (HH:mm:ss),Time (Fract. Sec),Site Name,Chlorophyll RFU,Chlorophyll ug/L,Cond µS/cm,nLF Cond µS/cm,ODO % sat,ODO % local,ODO mg/L,Sal psu,SpCond µS/cm,TAL PC RFU,TAL PC ug/L,TDS mg/L,Turbidity FNU,TSS mg/L,Wiper Position volt,pH,pH mV,Temp °C,GPS Latitude °,GPS Longitude °,Altitude m,Battery V,Cable Pwr V,Barometer mmHg
7/18/2022,10:06:47,0,Sandusky_2_ODNR4,11.53,46.81,451.8,456.5,76.4,76.4,6.36,0.22,456.1,2.71,2.74,296,62.68,0,1.202,8.3,-86.7,24.506,41.45347,-82.96732,171.7,0,12.2,741.8
,,,,,,,,,,,,,,,,,,,,,,,,,,,
,,,MEAN VALUE:,11.64,47.24,383.3,386.6,101.7,101.7,8.46,0.18,386.3,4.57,4.63,251,25.27,0,1.202,NA,-124.3,24.586,41.45713,-82.8982,169.5,0,12.2,741.8
,,,STANDARD DEVIATION:,0,0,0,0,0,0,0,0,0,0,0,0,0,0,0,0,0,0,0,0,0,0,0,0
,,,,,,,,,,,,,,,,,,,,,,,,,,,
,,,SENSOR SERIAL NUMBER:,15B101563,15B101563,19D104366,19D104366,17C105036,17C105036,17C105036,19D104366,19D104366,15B101563,15B101563,19D104366,15D102653,15D102653,15D102606,17C104424,17C104424,19D104366,19G101790,19G101790,19G101790,19G101790,19G101790,19G101790
Date (MM/DD/YYYY),Time (HH:mm:ss),Time (Fract. Sec),Site Name,Chlorophyll RFU,Chlorophyll ug/L,Cond µS/cm,nLF Cond µS/cm,ODO % sat,ODO % local,ODO mg/L,Sal psu,SpCond µS/cm,TAL PC RFU,TAL PC ug/L,TDS mg/L,Turbidity FNU,TSS mg/L,Wiper Position volt,pH,pH mV,Temp °C,GPS Latitude °,GPS Longitude °,Altitude m,Battery V,Cable Pwr V,Barometer mmHg
7/18/2022,10:33:01,0,Sandusky_3_ODNR6,11.64,47.24,383.3,386.6,101.7,101.7,8.46,0.18,386.3,4.57,4.63,251,25.27,0,1.202,8.96,-124.3,24.586,41.45713,-82.8982,169.5,0,12.2,741.8
,,,,,,,,,,,,,,,,,,,,,,,,,,,
,,,MEAN VALUE:,2.65,10.71,425.3,429.6,78,78,6.49,0.21,429.2,1.07,1.07,279,12.6,0,1.202,NA,-81.4,24.522,41.46944,-82.75048,170.5,0,12.2,741.9
,,,STANDARD DEVIATION:,0,0,0,0,0,0,0,0,0,0,0,0,0,0,0,0,0,0,0,0,0,0,0,0
,,,,,,,,,,,,,,,,,,,,,,,,,,,
,,,SENSOR SERIAL NUMBER:,15B101563,15B101563,19D104366,19D104366,17C105036,17C105036,17C105036,19D104366,19D104366,15B101563,15B101563,19D104366,15D102653,15D102653,15D102606,17C104424,17C104424,19D104366,19G101790,19G101790,19G101790,19G101790,19G101790,19G101790
Date (MM/DD/YYYY),Time (HH:mm:ss),Time (Fract. Sec),Site Name,Chlorophyll RFU,Chlorophyll ug/L,Cond µS/cm,nLF Cond µS/cm,ODO % sat,ODO % local,ODO mg/L,Sal psu,SpCond µS/cm,TAL PC RFU,TAL PC ug/L,TDS mg/L,Turbidity FNU,TSS mg/L,Wiper Position volt,pH,pH mV,Temp °C,GPS Latitude °,GPS Longitude °,Altitude m,Battery V,Cable Pwr V,Barometer mmHg
7/18/2022,11:34:57,0,Sandusky_6_Buoy2,2.65,10.71,425.3,429.6,78,78,6.49,0.21,429.2,1.07,1.07,279,12.6,0,1.202,8.21,-81.4,24.522,41.46944,-82.75048,170.5,0,12.2,741.9
,,,,,,,,,,,,,,,,,,,,,,,,,,,
,,,MEAN VALUE:,3.12,12.64,436,440.9,74.1,74.1,6.17,0.21,440.4,1.01,1.01,286,13.36,0,1.202,NA,-72.9,24.475,41.4777,-82.74553,169.4,0,12.2,741.7
,,,STANDARD DEVIATION:,0,0,0,0,0,0,0,0,0,0,0,0,0,0,0,0,0,0,0,0,0,0,0,0
,,,,,,,,,,,,,,,,,,,,,,,,,,,
,,,SENSOR SERIAL NUMBER:,15B101563,15B101563,19D104366,19D104366,17C105036,17C105036,17C105036,19D104366,19D104366,15B101563,15B101563,19D104366,15D102653,15D102653,15D102606,17C104424,17C104424,19D104366,19G101790,19G101790,19G101790,19G101790,19G101790,19G101790
Date (MM/DD/YYYY),Time (HH:mm:ss),Time (Fract. Sec),Site Name,Chlorophyll RFU,Chlorophyll ug/L,Cond µS/cm,nLF Cond µS/cm,ODO % sat,ODO % local,ODO mg/L,Sal psu,SpCond µS/cm,TAL PC RFU,TAL PC ug/L,TDS mg/L,Turbidity FNU,TSS mg/L,Wiper Position volt,pH,pH mV,Temp °C,GPS Latitude °,GPS Longitude °,Altitude m,Battery V,Cable Pwr V,Barometer mmHg
7/18/2022,11:56:54,0,Sandusky_6_Buoy2,3.12,12.64,436,440.9,74.1,74.1,6.17,0.21,440.4,1.01,1.01,286,13.36,0,1.202,8.06,-72.9,24.475,41.4777,-82.74553,169.4,0,12.2,741.7
,,,,,,,,,,,,,,,,,,,,,,,,,,,
,,,MEAN VALUE:,3.09,12.5,437.6,440.6,77.9,77.9,6.47,0.21,440.3,1.22,1.23,286,11.09,0,1.202,NA,-78.1,24.68,41.47769,-82.74553,170.6,0,12.2,741.7
,,,STANDARD DEVIATION:,0,0,0,0,0,0,0,0,0,0,0,0,0,0,0,0,0,0,0,0,0,0,0,0
,,,,,,,,,,,,,,,,,,,,,,,,,,,
,,,SENSOR SERIAL NUMBER:,15B101563,15B101563,19D104366,19D104366,17C105036,17C105036,17C105036,19D104366,19D104366,15B101563,15B101563,19D104366,15D102653,15D102653,15D102606,17C104424,17C104424,19D104366,19G101790,19G101790,19G101790,19G101790,19G101790,19G101790
Date (MM/DD/YYYY),Time (HH:mm:ss),Time (Fract. Sec),Site Name,Chlorophyll RFU,Chlorophyll ug/L,Cond µS/cm,nLF Cond µS/cm,ODO % sat,ODO % local,ODO mg/L,Sal psu,SpCond µS/cm,TAL PC RFU,TAL PC ug/L,TDS mg/L,Turbidity FNU,TSS mg/L,Wiper Position volt,pH,pH mV,Temp °C,GPS Latitude °,GPS Longitude °,Altitude m,Battery V,Cable Pwr V,Barometer mmHg
7/18/2022,11:57:17,0,Sandusky_7_ODNR1,3.09,12.5,437.6,440.6,77.9,77.9,6.47,0.21,440.3,1.22,1.23,286,11.09,0,1.202,8.15,-78.1,24.68,41.47769,-82.74553,170.6,0,12.2,741.7
,,,,,,,,,,,,,,,,,,,,,,,,,,,
,,,MEAN VALUE:,3.26,13.2,390.1,394.9,82.8,82.8,6.9,0.19,394.4,1.24,1.25,256,13.42,0,1.202,NA,-89.1,24.422,41.47009,-82.71507,168.6,0,12.2,741.9
,,,STANDARD DEVIATION:,0,0,0,0,0,0,0,0,0,0,0,0,0,0,0,0,0,0,0,0,0,0,0,0
,,,,,,,,,,,,,,,,,,,,,,,,,,,
,,,SENSOR SERIAL NUMBER:,15B101563,15B101563,19D104366,19D104366,17C105036,17C105036,17C105036,19D104366,19D104366,15B101563,15B101563,19D104366,15D102653,15D102653,15D102606,17C104424,17C104424,19D104366,19G101790,19G101790,19G101790,19G101790,19G101790,19G101790
Date (MM/DD/YYYY),Time (HH:mm:ss),Time (Fract. Sec),Site Name,Chlorophyll RFU,Chlorophyll ug/L,Cond µS/cm,nLF Cond µS/cm,ODO % sat,ODO % local,ODO mg/L,Sal psu,SpCond µS/cm,TAL PC RFU,TAL PC ug/L,TDS mg/L,Turbidity FNU,TSS mg/L,Wiper Position volt,pH,pH mV,Temp °C,GPS Latitude °,GPS Longitude °,Altitude m,Battery V,Cable Pwr V,Barometer mmHg
7/18/2022,12:19:50,0,Sandusky_8_EC1163,3.26,13.2,390.1,394.9,82.8,82.8,6.9,0.19,394.4,1.24,1.25,256,13.42,0,1.202,8.35,-89.1,24.422,41.47009,-82.71507,168.6,0,12.2,741.9
,,,,,,,,,,,,,,,,,,,,,,,,,,,
,,,MEAN VALUE:,0.59,2.35,284.4,287.9,106.1,106.1,8.86,0.14,287.6,0.31,0.31,187,3.2,0,1.201,NA,-113.2,24.415,41.51175,-82.65813,171.2,0,12.2,741.7
,,,STANDARD DEVIATION:,0,0,0,0,0,0,0,0,0,0,0,0,0,0,0,0,0,0,0,0,0,0,0,0
,,,,,,,,,,,,,,,,,,,,,,,,,,,
,,,SENSOR SERIAL NUMBER:,15B101563,15B101563,19D104366,19D104366,17C105036,17C105036,17C105036,19D104366,19D104366,15B101563,15B101563,19D104366,15D102653,15D102653,15D102606,17C104424,17C104424,19D104366,19G101790,19G101790,19G101790,19G101790,19G101790,19G101790
Date (MM/DD/YYYY),Time (HH:mm:ss),Time (Fract. Sec),Site Name,Chlorophyll RFU,Chlorophyll ug/L,Cond µS/cm,nLF Cond µS/cm,ODO % sat,ODO % local,ODO mg/L,Sal psu,SpCond µS/cm,TAL PC RFU,TAL PC ug/L,TDS mg/L,Turbidity FNU,TSS mg/L,Wiper Position volt,pH,pH mV,Temp °C,GPS Latitude °,GPS Longitude °,Altitude m,Battery V,Cable Pwr V,Barometer mmHg
7/18/2022,13:08:22,0,Sandusky_9_Bells,0.59,2.35,284.4,287.9,106.1,106.1,8.86,0.14,287.6,0.31,0.31,187,3.2,0,1.201,8.77,-113.2,24.415,41.51175,-82.65813,171.2,0,12.2,741.7
,,,,,,,,,,,,,,,,,,,,,,,,,,,
,,,MEAN VALUE:,11.75,47.69,616.8,607.2,77.5,77.5,6.31,0.29,608.1,2.75,2.79,395,56.74,0,1.202,NA,-88,25.748,41.45412,-83.00385,182.9,0,12.2,745.1
,,,STANDARD DEVIATION:,0,0,0,0,0,0,0,0,0,0,0,0,0,0,0,0,0,0,0,0,0,0,0,0
,,,,,,,,,,,,,,,,,,,,,,,,,,,
,,,SENSOR SERIAL NUMBER:,15B101563,15B101563,19D104366,19D104366,17C105036,17C105036,17C105036,19D104366,19D104366,15B101563,15B101563,19D104366,15D102653,15D102653,15D102606,17C104424,17C104424,19D104366,19G101790,19G101790,19G101790,19G101790,19G101790,19G101790
Date (MM/DD/YYYY),Time (HH:mm:ss),Time (Fract. Sec),Site Name,Chlorophyll RFU,Chlorophyll ug/L,Cond µS/cm,nLF Cond µS/cm,ODO % sat,ODO % local,ODO mg/L,Sal psu,SpCond µS/cm,TAL PC RFU,TAL PC ug/L,TDS mg/L,Turbidity FNU,TSS mg/L,Wiper Position volt,pH,pH mV,Temp °C,GPS Latitude °,GPS Longitude °,Altitude m,Battery V,Cable Pwr V,Barometer mmHg
7/25/2022,9:45:29,0,Sandusky_1_MuddyCreek,11.75,47.69,616.8,607.2,77.5,77.5,6.31,0.29,608.1,2.75,2.79,395,56.74,0,1.202,8.32,-88,25.748,41.45412,-83.00385,182.9,0,12.2,745.1
,,,,,,,,,,,,,,,,,,,,,,,,,,,
,,,MEAN VALUE:,7.8,31.63,459.1,451.1,75.9,75.9,6.17,0.22,451.9,3.86,3.91,294,40.49,0,1.203,NA,-90.9,25.84,41.45154,-82.95725,170.6,0,12.2,745.2
,,,STANDARD DEVIATION:,0,0,0,0,0,0,0,0,0,0,0,0,0,0,0,0,0,0,0,0,0,0,0,0
,,,,,,,,,,,,,,,,,,,,,,,,,,,
,,,SENSOR SERIAL NUMBER:,15B101563,15B101563,19D104366,19D104366,17C105036,17C105036,17C105036,19D104366,19D104366,15B101563,15B101563,19D104366,15D102653,15D102653,15D102606,17C104424,17C104424,19D104366,19G101790,19G101790,19G101790,19G101790,19G101790,19G101790
Date (MM/DD/YYYY),Time (HH:mm:ss),Time (Fract. Sec),Site Name,Chlorophyll RFU,Chlorophyll ug/L,Cond µS/cm,nLF Cond µS/cm,ODO % sat,ODO % local,ODO mg/L,Sal psu,SpCond µS/cm,TAL PC RFU,TAL PC ug/L,TDS mg/L,Turbidity FNU,TSS mg/L,Wiper Position volt,pH,pH mV,Temp °C,GPS Latitude °,GPS Longitude °,Altitude m,Battery V,Cable Pwr V,Barometer mmHg
7/25/2022,10:12:37,0,Sandusky_1_MuddyCreek,7.8,31.63,459.1,451.1,75.9,75.9,6.17,0.22,451.9,3.86,3.91,294,40.49,0,1.203,8.37,-90.9,25.84,41.45154,-82.95725,170.6,0,12.2,745.2
,,,,,,,,,,,,,,,,,,,,,,,,,,,
,,,MEAN VALUE:,7.88,31.98,459.1,451,75.8,75.8,6.16,0.22,451.8,3.85,3.9,294,41.24,0,1.203,NA,-90.8,25.846,41.45153,-82.95729,171.2,0,12.2,745.1
,,,STANDARD DEVIATION:,0,0,0,0,0,0,0,0,0,0,0,0,0,0,0,0,0,0,0,0,0,0,0,0
,,,,,,,,,,,,,,,,,,,,,,,,,,,
,,,SENSOR SERIAL NUMBER:,15B101563,15B101563,19D104366,19D104366,17C105036,17C105036,17C105036,19D104366,19D104366,15B101563,15B101563,19D104366,15D102653,15D102653,15D102606,17C104424,17C104424,19D104366,19G101790,19G101790,19G101790,19G101790,19G101790,19G101790
Date (MM/DD/YYYY),Time (HH:mm:ss),Time (Fract. Sec),Site Name,Chlorophyll RFU,Chlorophyll ug/L,Cond µS/cm,nLF Cond µS/cm,ODO % sat,ODO % local,ODO mg/L,Sal psu,SpCond µS/cm,TAL PC RFU,TAL PC ug/L,TDS mg/L,Turbidity FNU,TSS mg/L,Wiper Position volt,pH,pH mV,Temp °C,GPS Latitude °,GPS Longitude °,Altitude m,Battery V,Cable Pwr V,Barometer mmHg
7/25/2022,10:12:49,0,Sandusky_1_MuddyCreek,7.88,31.98,459.1,451,75.8,75.8,6.16,0.22,451.8,3.85,3.9,294,41.24,0,1.203,8.37,-90.8,25.846,41.45153,-82.95729,171.2,0,12.2,745.1
,,,,,,,,,,,,,,,,,,,,,,,,,,,
,,,MEAN VALUE:,8.07,32.75,459.1,451,75.1,75.1,6.1,0.22,451.8,3.83,3.88,294,41.68,0,1.203,NA,-90.2,25.848,41.45154,-82.95734,171.2,0,12.2,745.2
,,,STANDARD DEVIATION:,0,0,0,0,0,0,0,0,0,0,0,0,0,0,0,0,0,0,0,0,0,0,0,0
,,,,,,,,,,,,,,,,,,,,,,,,,,,
,,,SENSOR SERIAL NUMBER:,15B101563,15B101563,19D104366,19D104366,17C105036,17C105036,17C105036,19D104366,19D104366,15B101563,15B101563,19D104366,15D102653,15D102653,15D102606,17C104424,17C104424,19D104366,19G101790,19G101790,19G101790,19G101790,19G101790,19G101790
Date (MM/DD/YYYY),Time (HH:mm:ss),Time (Fract. Sec),Site Name,Chlorophyll RFU,Chlorophyll ug/L,Cond µS/cm,nLF Cond µS/cm,ODO % sat,ODO % local,ODO mg/L,Sal psu,SpCond µS/cm,TAL PC RFU,TAL PC ug/L,TDS mg/L,Turbidity FNU,TSS mg/L,Wiper Position volt,pH,pH mV,Temp °C,GPS Latitude °,GPS Longitude °,Altitude m,Battery V,Cable Pwr V,Barometer mmHg
7/25/2022,10:13:07,0,Sandusky_1_MuddyCreek,8.07,32.75,459.1,451,75.1,75.1,6.1,0.22,451.8,3.83,3.88,294,41.68,0,1.203,8.36,-90.2,25.848,41.45154,-82.95734,171.2,0,12.2,745.2
,,,,,,,,,,,,,,,,,,,,,,,,,,,
,,,MEAN VALUE:,0,0,0,745.1,,,,,,,,,,,,,,,,,,,,
,,,STANDARD DEVIATION:,0,0,0,0,,,,,,,,,,,,,,,,,,,,
,,,,,,,,,,,,,,,,,,,,,,,,,,,
,,,SENSOR SERIAL NUMBER:,19G101790,19G101790,19G101790,19G101790,,,,,,,,,,,,,,,,,,,,
Date (MM/DD/YYYY),Time (HH:mm:ss),Time (Fract. Sec),Site Name,GPS Latitude °,GPS Longitude °,Altitude m,Barometer mmHg,,,,,,,,,,,,,,,,,,,,
7/25/2022,10:13:48,0,Sandusky_1_MuddyCreek,0,0,0,745.1,,,,,,,,,,,,,,,,,,,,
,,,,,,,,,,,,,,,,,,,,,,,,,,,
,,,MEAN VALUE:,41.45155,-82.95728,167,745.2,,,,,,,,,,,,,,,,,,,,
,,,STANDARD DEVIATION:,0,0,0,0,,,,,,,,,,,,,,,,,,,,
,,,,,,,,,,,,,,,,,,,,,,,,,,,
,,,SENSOR SERIAL NUMBER:,19G101790,19G101790,19G101790,19G101790,,,,,,,,,,,,,,,,,,,,
Date (MM/DD/YYYY),Time (HH:mm:ss),Time (Fract. Sec),Site Name,GPS Latitude °,GPS Longitude °,Altitude m,Barometer mmHg,,,,,,,,,,,,,,,,,,,,
7/25/2022,10:13:54,0,Sandusky_1_MuddyCreek,41.45155,-82.95728,167,745.2,,,,,,,,,,,,,,,,,,,,
,,,,,,,,,,,,,,,,,,,,,,,,,,,
,,,MEAN VALUE:,8.39,34.03,459.1,451,74.8,74.8,6.08,0.22,451.8,3.69,3.73,294,42.3,0,1.203,NA,-89.5,25.854,41.45153,-82.95723,168.7,0,12.2,745.1
,,,STANDARD DEVIATION:,0,0,0,0,0,0,0,0,0,0,0,0,0,0,0,0,0,0,0,0,0,0,0,0
,,,,,,,,,,,,,,,,,,,,,,,,,,,
,,,SENSOR SERIAL NUMBER:,15B101563,15B101563,19D104366,19D104366,17C105036,17C105036,17C105036,19D104366,19D104366,15B101563,15B101563,19D104366,15D102653,15D102653,15D102606,17C104424,17C104424,19D104366,19G101790,19G101790,19G101790,19G101790,19G101790,19G101790
Date (MM/DD/YYYY),Time (HH:mm:ss),Time (Fract. Sec),Site Name,Chlorophyll RFU,Chlorophyll ug/L,Cond µS/cm,nLF Cond µS/cm,ODO % sat,ODO % local,ODO mg/L,Sal psu,SpCond µS/cm,TAL PC RFU,TAL PC ug/L,TDS mg/L,Turbidity FNU,TSS mg/L,Wiper Position volt,pH,pH mV,Temp °C,GPS Latitude °,GPS Longitude °,Altitude m,Battery V,Cable Pwr V,Barometer mmHg
7/25/2022,10:14:12,0,Sandusky_1_MuddyCreek,8.39,34.03,459.1,451,74.8,74.8,6.08,0.22,451.8,3.69,3.73,294,42.3,0,1.203,8.35,-89.5,25.854,41.45153,-82.95723,168.7,0,12.2,745.1
,,,,,,,,,,,,,,,,,,,,,,,,,,,
,,,MEAN VALUE:,7.58,30.74,459.2,450.9,76,76,6.18,0.22,451.7,3.62,3.67,294,40.77,0,1.202,NA,-89.2,25.869,41.45155,-82.95715,174.5,0,12.2,745.1
,,,STANDARD DEVIATION:,0,0,0,0,0,0,0,0,0,0,0,0,0,0,0,0,0,0,0,0,0,0,0,0
,,,,,,,,,,,,,,,,,,,,,,,,,,,
,,,SENSOR SERIAL NUMBER:,15B101563,15B101563,19D104366,19D104366,17C105036,17C105036,17C105036,19D104366,19D104366,15B101563,15B101563,19D104366,15D102653,15D102653,15D102606,17C104424,17C104424,19D104366,19G101790,19G101790,19G101790,19G101790,19G101790,19G101790
Date (MM/DD/YYYY),Time (HH:mm:ss),Time (Fract. Sec),Site Name,Chlorophyll RFU,Chlorophyll ug/L,Cond µS/cm,nLF Cond µS/cm,ODO % sat,ODO % local,ODO mg/L,Sal psu,SpCond µS/cm,TAL PC RFU,TAL PC ug/L,TDS mg/L,Turbidity FNU,TSS mg/L,Wiper Position volt,pH,pH mV,Temp °C,GPS Latitude °,GPS Longitude °,Altitude m,Battery V,Cable Pwr V,Barometer mmHg
7/25/2022,10:18:25,0,Sandusky_2_ODNR4,7.58,30.74,459.2,450.9,76,76,6.18,0.22,451.7,3.62,3.67,294,40.77,0,1.202,8.34,-89.2,25.869,41.45155,-82.95715,174.5,0,12.2,745.1
,,,,,,,,,,,,,,,,,,,,,,,,,,,
,,,MEAN VALUE:,7.75,31.43,459.3,451.1,74.8,74.8,6.08,0.22,451.8,3.48,3.53,294,73.04,0,1.202,NA,-87.7,25.862,41.45153,-82.95724,175.2,0,12.2,745.1
,,,STANDARD DEVIATION:,0,0,0,0,0,0,0,0,0,0,0,0,0,0,0,0,0,0,0,0,0,0,0,0
,,,,,,,,,,,,,,,,,,,,,,,,,,,
,,,SENSOR SERIAL NUMBER:,15B101563,15B101563,19D104366,19D104366,17C105036,17C105036,17C105036,19D104366,19D104366,15B101563,15B101563,19D104366,15D102653,15D102653,15D102606,17C104424,17C104424,19D104366,19G101790,19G101790,19G101790,19G101790,19G101790,19G101790
Date (MM/DD/YYYY),Time (HH:mm:ss),Time (Fract. Sec),Site Name,Chlorophyll RFU,Chlorophyll ug/L,Cond µS/cm,nLF Cond µS/cm,ODO % sat,ODO % local,ODO mg/L,Sal psu,SpCond µS/cm,TAL PC RFU,TAL PC ug/L,TDS mg/L,Turbidity FNU,TSS mg/L,Wiper Position volt,pH,pH mV,Temp °C,GPS Latitude °,GPS Longitude °,Altitude m,Battery V,Cable Pwr V,Barometer mmHg
7/25/2022,10:18:53,0,Sandusky_2_ODNR4,7.75,31.43,459.3,451.1,74.8,74.8,6.08,0.22,451.8,3.48,3.53,294,73.04,0,1.202,8.32,-87.7,25.862,41.45153,-82.95724,175.2,0,12.2,745.1
,,,,,,,,,,,,,,,,,,,,,,,,,,,
,,,MEAN VALUE:,13.43,54.53,407.4,400.5,98.7,98.7,8.03,0.19,401.2,5.71,5.79,261,31.39,0,1.202,NA,-126.4,25.816,41.45381,-82.89308,175,0,12.2,745.3
,,,STANDARD DEVIATION:,0,0,0,0,0,0,0,0,0,0,0,0,0,0,0,0,0,0,0,0,0,0,0,0
,,,,,,,,,,,,,,,,,,,,,,,,,,,
,,,SENSOR SERIAL NUMBER:,15B101563,15B101563,19D104366,19D104366,17C105036,17C105036,17C105036,19D104366,19D104366,15B101563,15B101563,19D104366,15D102653,15D102653,15D102606,17C104424,17C104424,19D104366,19G101790,19G101790,19G101790,19G101790,19G101790,19G101790
Date (MM/DD/YYYY),Time (HH:mm:ss),Time (Fract. Sec),Site Name,Chlorophyll RFU,Chlorophyll ug/L,Cond µS/cm,nLF Cond µS/cm,ODO % sat,ODO % local,ODO mg/L,Sal psu,SpCond µS/cm,TAL PC RFU,TAL PC ug/L,TDS mg/L,Turbidity FNU,TSS mg/L,Wiper Position volt,pH,pH mV,Temp °C,GPS Latitude °,GPS Longitude °,Altitude m,Battery V,Cable Pwr V,Barometer mmHg
7/25/2022,10:42:07,0,Sandusky_3_ODNR6,13.43,54.53,407.4,400.5,98.7,98.7,8.03,0.19,401.2,5.71,5.79,261,31.39,0,1.202,8.99,-126.4,25.816,41.45381,-82.89308,175,0,12.2,745.3
,,,,,,,,,,,,,,,,,,,,,,,,,,,
,,,MEAN VALUE:,13.6,55.23,407.5,400.5,99.1,99.1,8.06,0.19,401.2,5.69,5.77,261,31.37,0,1.202,NA,-126.9,25.825,41.45381,-82.89309,175.2,0,12.2,745.5
,,,STANDARD DEVIATION:,0,0,0,0,0,0,0,0,0,0,0,0,0,0,0,0,0,0,0,0,0,0,0,0
,,,,,,,,,,,,,,,,,,,,,,,,,,,
,,,SENSOR SERIAL NUMBER:,15B101563,15B101563,19D104366,19D104366,17C105036,17C105036,17C105036,19D104366,19D104366,15B101563,15B101563,19D104366,15D102653,15D102653,15D102606,17C104424,17C104424,19D104366,19G101790,19G101790,19G101790,19G101790,19G101790,19G101790
Date (MM/DD/YYYY),Time (HH:mm:ss),Time (Fract. Sec),Site Name,Chlorophyll RFU,Chlorophyll ug/L,Cond µS/cm,nLF Cond µS/cm,ODO % sat,ODO % local,ODO mg/L,Sal psu,SpCond µS/cm,TAL PC RFU,TAL PC ug/L,TDS mg/L,Turbidity FNU,TSS mg/L,Wiper Position volt,pH,pH mV,Temp °C,GPS Latitude °,GPS Longitude °,Altitude m,Battery V,Cable Pwr V,Barometer mmHg
7/25/2022,10:42:12,0,Sandusky_3_ODNR6,13.6,55.23,407.5,400.5,99.1,99.1,8.06,0.19,401.2,5.69,5.77,261,31.37,0,1.202,9,-126.9,25.825,41.45381,-82.89309,175.2,0,12.2,745.5
,,,,,,,,,,,,,,,,,,,,,,,,,,,
,,,MEAN VALUE:,10.98,44.54,410.8,403.8,92.1,92.1,7.49,0.19,404.4,6.74,6.83,263,1026.35,0,1.203,NA,-117.7,25.821,41.45384,-82.89299,175.6,0,12.2,745.4
,,,STANDARD DEVIATION:,0,0,0,0,0,0,0,0,0,0,0,0,0,0,0,0,0,0,0,0,0,0,0,0
,,,,,,,,,,,,,,,,,,,,,,,,,,,
,,,SENSOR SERIAL NUMBER:,15B101563,15B101563,19D104366,19D104366,17C105036,17C105036,17C105036,19D104366,19D104366,15B101563,15B101563,19D104366,15D102653,15D102653,15D102606,17C104424,17C104424,19D104366,19G101790,19G101790,19G101790,19G101790,19G101790,19G101790
Date (MM/DD/YYYY),Time (HH:mm:ss),Time (Fract. Sec),Site Name,Chlorophyll RFU,Chlorophyll ug/L,Cond µS/cm,nLF Cond µS/cm,ODO % sat,ODO % local,ODO mg/L,Sal psu,SpCond µS/cm,TAL PC RFU,TAL PC ug/L,TDS mg/L,Turbidity FNU,TSS mg/L,Wiper Position volt,pH,pH mV,Temp °C,GPS Latitude °,GPS Longitude °,Altitude m,Battery V,Cable Pwr V,Barometer mmHg
7/25/2022,10:43:54,0,Sandusky_3_ODNR6,10.98,44.54,410.8,403.8,92.1,92.1,7.49,0.19,404.4,6.74,6.83,263,1026.35,0,1.203,8.84,-117.7,25.821,41.45384,-82.89299,175.6,0,12.2,745.4
,,,,,,,,,,,,,,,,,,,,,,,,,,,
,,,MEAN VALUE:,41.48025,-82.83486,176.5,745.8,,,,,,,,,,,,,,,,,,,,
,,,STANDARD DEVIATION:,0,0,0,0,,,,,,,,,,,,,,,,,,,,
,,,,,,,,,,,,,,,,,,,,,,,,,,,
,,,SENSOR SERIAL NUMBER:,19G101790,19G101790,19G101790,19G101790,,,,,,,,,,,,,,,,,,,,
Date (MM/DD/YYYY),Time (HH:mm:ss),Time (Fract. Sec),Site Name,GPS Latitude °,GPS Longitude °,Altitude m,Barometer mmHg,,,,,,,,,,,,,,,,,,,,
7/25/2022,11:13:32,0,Sandusky_4_Bridge,41.48025,-82.83486,176.5,745.8,,,,,,,,,,,,,,,,,,,,
,,,,,,,,,,,,,,,,,,,,,,,,,,,
,,,MEAN VALUE:,41.47431,-82.77693,176.4,745.8,,,,,,,,,,,,,,,,,,,,
,,,STANDARD DEVIATION:,0,0,0,0,,,,,,,,,,,,,,,,,,,,
,,,,,,,,,,,,,,,,,,,,,,,,,,,
,,,SENSOR SERIAL NUMBER:,19G101790,19G101790,19G101790,19G101790,,,,,,,,,,,,,,,,,,,,
Date (MM/DD/YYYY),Time (HH:mm:ss),Time (Fract. Sec),Site Name,GPS Latitude °,GPS Longitude °,Altitude m,Barometer mmHg,,,,,,,,,,,,,,,,,,,,
7/25/2022,11:53:09,0,Sandusky_5_ODNR2,41.47431,-82.77693,176.4,745.8,,,,,,,,,,,,,,,,,,,,
,,,,,,,,,,,,,,,,,,,,,,,,,,,
,,,MEAN VALUE:,41.47433,-82.77692,173.4,745.8,,,,,,,,,,,,,,,,,,,,
,,,STANDARD DEVIATION:,0,0,0,0,,,,,,,,,,,,,,,,,,,,
,,,,,,,,,,,,,,,,,,,,,,,,,,,
,,,SENSOR SERIAL NUMBER:,19G101790,19G101790,19G101790,19G101790,,,,,,,,,,,,,,,,,,,,
Date (MM/DD/YYYY),Time (HH:mm:ss),Time (Fract. Sec),Site Name,GPS Latitude °,GPS Longitude °,Altitude m,Barometer mmHg,,,,,,,,,,,,,,,,,,,,
7/25/2022,11:53:14,0,Sandusky_5_ODNR2,41.47433,-82.77692,173.4,745.8,,,,,,,,,,,,,,,,,,,,
,,,,,,,,,,,,,,,,,,,,,,,,,,,
,,,MEAN VALUE:,0,0,0,745.9,,,,,,,,,,,,,,,,,,,,
,,,STANDARD DEVIATION:,0,0,0,0,,,,,,,,,,,,,,,,,,,,
,,,,,,,,,,,,,,,,,,,,,,,,,,,
,,,SENSOR SERIAL NUMBER:,19G101790,19G101790,19G101790,19G101790,,,,,,,,,,,,,,,,,,,,
Date (MM/DD/YYYY),Time (HH:mm:ss),Time (Fract. Sec),Site Name,GPS Latitude °,GPS Longitude °,Altitude m,Barometer mmHg,,,,,,,,,,,,,,,,,,,,
7/25/2022,12:17:06,0,Sandusky_5_ODNR2,0,0,0,745.9,,,,,,,,,,,,,,,,,,,,
,,,,,,,,,,,,,,,,,,,,,,,,,,,
,,,MEAN VALUE:,41.46933,-82.75342,174.3,746,,,,,,,,,,,,,,,,,,,,
,,,STANDARD DEVIATION:,0,0,0,0,,,,,,,,,,,,,,,,,,,,
,,,,,,,,,,,,,,,,,,,,,,,,,,,
,,,SENSOR SERIAL NUMBER:,19G101790,19G101790,19G101790,19G101790,,,,,,,,,,,,,,,,,,,,
Date (MM/DD/YYYY),Time (HH:mm:ss),Time (Fract. Sec),Site Name,GPS Latitude °,GPS Longitude °,Altitude m,Barometer mmHg,,,,,,,,,,,,,,,,,,,,
7/25/2022,12:17:16,0,Sandusky_6_Buoy2,41.46933,-82.75342,174.3,746,,,,,,,,,,,,,,,,,,,,
,,,,,,,,,,,,,,,,,,,,,,,,,,,
,,,MEAN VALUE:,41.46932,-82.75342,174.7,745.9,,,,,,,,,,,,,,,,,,,,
,,,STANDARD DEVIATION:,0,0,0,0,,,,,,,,,,,,,,,,,,,,
,,,,,,,,,,,,,,,,,,,,,,,,,,,
,,,SENSOR SERIAL NUMBER:,19G101790,19G101790,19G101790,19G101790,,,,,,,,,,,,,,,,,,,,
Date (MM/DD/YYYY),Time (HH:mm:ss),Time (Fract. Sec),Site Name,GPS Latitude °,GPS Longitude °,Altitude m,Barometer mmHg,,,,,,,,,,,,,,,,,,,,
7/25/2022,12:17:19,0,Sandusky_6_Buoy2,41.46932,-82.75342,174.7,745.9,,,,,,,,,,,,,,,,,,,,
,,,,,,,,,,,,,,,,,,,,,,,,,,,
,,,MEAN VALUE:,4.97,20.12,402.7,394.4,111.2,111.2,9.01,0.19,395.2,1.77,1.79,257,11.34,0,1.198,NA,-111.6,25.993,41.47293,-82.73747,173.3,0,12.2,745.8
,,,STANDARD DEVIATION:,0,0,0,0,0,0,0,0,0,0,0,0,0,0,0,0,0,0,0,0,0,0,0,0
,,,,,,,,,,,,,,,,,,,,,,,,,,,
,,,SENSOR SERIAL NUMBER:,15B101563,15B101563,19D104366,19D104366,17C105036,17C105036,17C105036,19D104366,19D104366,15B101563,15B101563,19D104366,15D102653,15D102653,15D102606,17C104424,17C104424,19D104366,19G101790,19G101790,19G101790,19G101790,19G101790,19G101790
Date (MM/DD/YYYY),Time (HH:mm:ss),Time (Fract. Sec),Site Name,Chlorophyll RFU,Chlorophyll ug/L,Cond µS/cm,nLF Cond µS/cm,ODO % sat,ODO % local,ODO mg/L,Sal psu,SpCond µS/cm,TAL PC RFU,TAL PC ug/L,TDS mg/L,Turbidity FNU,TSS mg/L,Wiper Position volt,pH,pH mV,Temp °C,GPS Latitude °,GPS Longitude °,Altitude m,Battery V,Cable Pwr V,Barometer mmHg
7/25/2022,12:42:33,0,Sandusky_7_ODNR1,4.97,20.12,402.7,394.4,111.2,111.2,9.01,0.19,395.2,1.77,1.79,257,11.34,0,1.198,8.73,-111.6,25.993,41.47293,-82.73747,173.3,0,12.2,745.8
,,,,,,,,,,,,,,,,,,,,,,,,,,,
,,,MEAN VALUE:,4.18,16.93,402.5,394.3,111,111,9,0.19,395.1,1.8,1.82,257,11.84,0,1.198,NA,-111.3,25.978,41.47294,-82.73746,172.5,0,12.2,745.9
,,,STANDARD DEVIATION:,0,0,0,0,0,0,0,0,0,0,0,0,0,0,0,0,0,0,0,0,0,0,0,0
,,,,,,,,,,,,,,,,,,,,,,,,,,,
,,,SENSOR SERIAL NUMBER:,15B101563,15B101563,19D104366,19D104366,17C105036,17C105036,17C105036,19D104366,19D104366,15B101563,15B101563,19D104366,15D102653,15D102653,15D102606,17C104424,17C104424,19D104366,19G101790,19G101790,19G101790,19G101790,19G101790,19G101790
Date (MM/DD/YYYY),Time (HH:mm:ss),Time (Fract. Sec),Site Name,Chlorophyll RFU,Chlorophyll ug/L,Cond µS/cm,nLF Cond µS/cm,ODO % sat,ODO % local,ODO mg/L,Sal psu,SpCond µS/cm,TAL PC RFU,TAL PC ug/L,TDS mg/L,Turbidity FNU,TSS mg/L,Wiper Position volt,pH,pH mV,Temp °C,GPS Latitude °,GPS Longitude °,Altitude m,Battery V,Cable Pwr V,Barometer mmHg
7/25/2022,12:42:38,0,Sandusky_7_ODNR1,4.18,16.93,402.5,394.3,111,111,9,0.19,395.1,1.8,1.82,257,11.84,0,1.198,8.72,-111.3,25.978,41.47294,-82.73746,172.5,0,12.2,745.9
,,,,,,,,,,,,,,,,,,,,,,,,,,,
,,,MEAN VALUE:,4.48,18.16,389.9,386.2,86.6,86.6,7.09,0.18,386.5,2.23,2.26,251,443.3,0,1.198,NA,-87.7,25.464,41.47297,-82.73743,174.6,0,12.2,745.9
,,,STANDARD DEVIATION:,0,0,0,0,0,0,0,0,0,0,0,0,0,0,0,0,0,0,0,0,0,0,0,0
,,,,,,,,,,,,,,,,,,,,,,,,,,,
,,,SENSOR SERIAL NUMBER:,15B101563,15B101563,19D104366,19D104366,17C105036,17C105036,17C105036,19D104366,19D104366,15B101563,15B101563,19D104366,15D102653,15D102653,15D102606,17C104424,17C104424,19D104366,19G101790,19G101790,19G101790,19G101790,19G101790,19G101790
Date (MM/DD/YYYY),Time (HH:mm:ss),Time (Fract. Sec),Site Name,Chlorophyll RFU,Chlorophyll ug/L,Cond µS/cm,nLF Cond µS/cm,ODO % sat,ODO % local,ODO mg/L,Sal psu,SpCond µS/cm,TAL PC RFU,TAL PC ug/L,TDS mg/L,Turbidity FNU,TSS mg/L,Wiper Position volt,pH,pH mV,Temp °C,GPS Latitude °,GPS Longitude °,Altitude m,Battery V,Cable Pwr V,Barometer mmHg
7/25/2022,12:44:30,0,Sandusky_7_ODNR1,4.48,18.16,389.9,386.2,86.6,86.6,7.09,0.18,386.5,2.23,2.26,251,443.3,0,1.198,8.32,-87.7,25.464,41.47297,-82.73743,174.6,0,12.2,745.9
,,,,,,,,,,,,,,,,,,,,,,,,,,,
,,,MEAN VALUE:,41.47802,-82.70506,168.5,745.8,,,,,,,,,,,,,,,,,,,,
,,,STANDARD DEVIATION:,0,0,0,0,,,,,,,,,,,,,,,,,,,,
,,,,,,,,,,,,,,,,,,,,,,,,,,,
,,,SENSOR SERIAL NUMBER:,19G101790,19G101790,19G101790,19G101790,,,,,,,,,,,,,,,,,,,,
Date (MM/DD/YYYY),Time (HH:mm:ss),Time (Fract. Sec),Site Name,GPS Latitude °,GPS Longitude °,Altitude m,Barometer mmHg,,,,,,,,,,,,,,,,,,,,
7/25/2022,13:13:22,0,Sandusky_8_EC1163,41.47802,-82.70506,168.5,745.8,,,,,,,,,,,,,,,,,,,,
,,,,,,,,,,,,,,,,,,,,,,,,,,,
,,,MEAN VALUE:,41.47803,-82.70506,169.6,745.8,,,,,,,,,,,,,,,,,,,,
,,,STANDARD DEVIATION:,0,0,0,0,,,,,,,,,,,,,,,,,,,,
,,,,,,,,,,,,,,,,,,,,,,,,,,,
,,,SENSOR SERIAL NUMBER:,19G101790,19G101790,19G101790,19G101790,,,,,,,,,,,,,,,,,,,,
Date (MM/DD/YYYY),Time (HH:mm:ss),Time (Fract. Sec),Site Name,GPS Latitude °,GPS Longitude °,Altitude m,Barometer mmHg,,,,,,,,,,,,,,,,,,,,
7/25/2022,13:13:30,0,Sandusky_8_EC1163,41.47803,-82.70506,169.6,745.8,,,,,,,,,,,,,,,,,,,,
,,,,,,,,,,,,,,,,,,,,,,,,,,,
,,,MEAN VALUE:,3.71,15.03,375.7,374,94.4,94.4,7.76,0.18,374.2,1.47,1.48,243,12.23,0,1.198,NA,-98.8,25.21,41.47803,-82.70505,171.7,0,12.2,745.8
,,,STANDARD DEVIATION:,0,0,0,0,0,0,0,0,0,0,0,0,0,0,0,0,0,0,0,0,0,0,0,0
,,,,,,,,,,,,,,,,,,,,,,,,,,,
,,,SENSOR SERIAL NUMBER:,15B101563,15B101563,19D104366,19D104366,17C105036,17C105036,17C105036,19D104366,19D104366,15B101563,15B101563,19D104366,15D102653,15D102653,15D102606,17C104424,17C104424,19D104366,19G101790,19G101790,19G101790,19G101790,19G101790,19G101790
Date (MM/DD/YYYY),Time (HH:mm:ss),Time (Fract. Sec),Site Name,Chlorophyll RFU,Chlorophyll ug/L,Cond µS/cm,nLF Cond µS/cm,ODO % sat,ODO % local,ODO mg/L,Sal psu,SpCond µS/cm,TAL PC RFU,TAL PC ug/L,TDS mg/L,Turbidity FNU,TSS mg/L,Wiper Position volt,pH,pH mV,Temp °C,GPS Latitude °,GPS Longitude °,Altitude m,Battery V,Cable Pwr V,Barometer mmHg
7/25/2022,13:13:48,0,Sandusky_8_EC1163,3.71,15.03,375.7,374,94.4,94.4,7.76,0.18,374.2,1.47,1.48,243,12.23,0,1.198,8.51,-98.8,25.21,41.47803,-82.70505,171.7,0,12.2,745.8
,,,,,,,,,,,,,,,,,,,,,,,,,,,
,,,MEAN VALUE:,3.49,14.14,382.8,379.4,97.2,97.2,7.96,0.18,379.8,1.42,1.43,247,11.72,0,1.198,NA,-101,25.422,41.47802,-82.70503,173.9,0,12.2,745.8
,,,STANDARD DEVIATION:,0,0,0,0,0,0,0,0,0,0,0,0,0,0,0,0,0,0,0,0,0,0,0,0
,,,,,,,,,,,,,,,,,,,,,,,,,,,
,,,SENSOR SERIAL NUMBER:,15B101563,15B101563,19D104366,19D104366,17C105036,17C105036,17C105036,19D104366,19D104366,15B101563,15B101563,19D104366,15D102653,15D102653,15D102606,17C104424,17C104424,19D104366,19G101790,19G101790,19G101790,19G101790,19G101790,19G101790
Date (MM/DD/YYYY),Time (HH:mm:ss),Time (Fract. Sec),Site Name,Chlorophyll RFU,Chlorophyll ug/L,Cond µS/cm,nLF Cond µS/cm,ODO % sat,ODO % local,ODO mg/L,Sal psu,SpCond µS/cm,TAL PC RFU,TAL PC ug/L,TDS mg/L,Turbidity FNU,TSS mg/L,Wiper Position volt,pH,pH mV,Temp °C,GPS Latitude °,GPS Longitude °,Altitude m,Battery V,Cable Pwr V,Barometer mmHg
7/25/2022,13:14:17,0,Sandusky_8_EC1163,3.49,14.14,382.8,379.4,97.2,97.2,7.96,0.18,379.8,1.42,1.43,247,11.72,0,1.198,8.55,-101,25.422,41.47802,-82.70503,173.9,0,12.2,745.8
,,,,,,,,,,,,,,,,,,,,,,,,,,,
,,,MEAN VALUE:,3.93,15.91,377.5,366.3,111.3,111.3,8.95,0.17,367.4,1.47,1.48,239,13.67,0,1.198,NA,-117.4,26.446,41.4645,-82.67611,174.5,0,12.2,745.9
,,,STANDARD DEVIATION:,0,0,0,0,0,0,0,0,0,0,0,0,0,0,0,0,0,0,0,0,0,0,0,0
,,,,,,,,,,,,,,,,,,,,,,,,,,,
,,,SENSOR SERIAL NUMBER:,15B101563,15B101563,19D104366,19D104366,17C105036,17C105036,17C105036,19D104366,19D104366,15B101563,15B101563,19D104366,15D102653,15D102653,15D102606,17C104424,17C104424,19D104366,19G101790,19G101790,19G101790,19G101790,19G101790,19G101790
Date (MM/DD/YYYY),Time (HH:mm:ss),Time (Fract. Sec),Site Name,Chlorophyll RFU,Chlorophyll ug/L,Cond µS/cm,nLF Cond µS/cm,ODO % sat,ODO % local,ODO mg/L,Sal psu,SpCond µS/cm,TAL PC RFU,TAL PC ug/L,TDS mg/L,Turbidity FNU,TSS mg/L,Wiper Position volt,pH,pH mV,Temp °C,GPS Latitude °,GPS Longitude °,Altitude m,Battery V,Cable Pwr V,Barometer mmHg
7/25/2022,13:42:35,0,Causeway,3.93,15.91,377.5,366.3,111.3,111.3,8.95,0.17,367.4,1.47,1.48,239,13.67,0,1.198,8.83,-117.4,26.446,41.4645,-82.67611,174.5,0,12.2,745.9
,,,,,,,,,,,,,,,,,,,,,,,,,,,
,,,MEAN VALUE:,0.54,2.12,279.8,278.4,109.7,109.7,9.02,0.13,278.6,0.15,0.14,181,1.62,0,1.198,NA,-121.2,25.236,41.5116,-82.65819,178.1,0,12.2,745.7
,,,STANDARD DEVIATION:,0,0,0,0,0,0,0,0,0,0,0,0,0,0,0,0,0,0,0,0,0,0,0,0
,,,,,,,,,,,,,,,,,,,,,,,,,,,
,,,SENSOR SERIAL NUMBER:,15B101563,15B101563,19D104366,19D104366,17C105036,17C105036,17C105036,19D104366,19D104366,15B101563,15B101563,19D104366,15D102653,15D102653,15D102606,17C104424,17C104424,19D104366,19G101790,19G101790,19G101790,19G101790,19G101790,19G101790
Date (MM/DD/YYYY),Time (HH:mm:ss),Time (Fract. Sec),Site Name,Chlorophyll RFU,Chlorophyll ug/L,Cond µS/cm,nLF Cond µS/cm,ODO % sat,ODO % local,ODO mg/L,Sal psu,SpCond µS/cm,TAL PC RFU,TAL PC ug/L,TDS mg/L,Turbidity FNU,TSS mg/L,Wiper Position volt,pH,pH mV,Temp °C,GPS Latitude °,GPS Longitude °,Altitude m,Battery V,Cable Pwr V,Barometer mmHg
7/25/2022,14:15:02,0,Sandusky_9_Bells,0.54,2.12,279.8,278.4,109.7,109.7,9.02,0.13,278.6,0.15,0.14,181,1.62,0,1.198,8.9,-121.2,25.236,41.5116,-82.65819,178.1,0,12.2,745.7
,,,,,,,,,,,,,,,,,,,,,,,,,,,
,,,MEAN VALUE:,0.44,1.71,279.7,278.6,110.7,110.7,9.11,0.13,278.7,0.18,0.17,181,1.74,0,1.198,NA,-121.2,25.194,41.51156,-82.65815,178.3,0,12.2,745.8
,,,STANDARD DEVIATION:,0,0,0,0,0,0,0,0,0,0,0,0,0,0,0,0,0,0,0,0,0,0,0,0
,,,,,,,,,,,,,,,,,,,,,,,,,,,
,,,SENSOR SERIAL NUMBER:,15B101563,15B101563,19D104366,19D104366,17C105036,17C105036,17C105036,19D104366,19D104366,15B101563,15B101563,19D104366,15D102653,15D102653,15D102606,17C104424,17C104424,19D104366,19G101790,19G101790,19G101790,19G101790,19G101790,19G101790
Date (MM/DD/YYYY),Time (HH:mm:ss),Time (Fract. Sec),Site Name,Chlorophyll RFU,Chlorophyll ug/L,Cond µS/cm,nLF Cond µS/cm,ODO % sat,ODO % local,ODO mg/L,Sal psu,SpCond µS/cm,TAL PC RFU,TAL PC ug/L,TDS mg/L,Turbidity FNU,TSS mg/L,Wiper Position volt,pH,pH mV,Temp °C,GPS Latitude °,GPS Longitude °,Altitude m,Battery V,Cable Pwr V,Barometer mmHg
7/25/2022,14:15:23,0,Sandusky_9_Bells,0.44,1.71,279.7,278.6,110.7,110.7,9.11,0.13,278.7,0.18,0.17,181,1.74,0,1.198,8.9,-121.2,25.194,41.51156,-82.65815,178.3,0,12.2,745.8
